x,y,z,vx,vy,vz,theta_z,theta_y,theta_x
2.000000000000000111e-01,0.000000000000000000e+00,0.000000000000000000e+00,-0.000000000000000000e+00,3.149466319388264171e-03,0.000000000000000000e+00,-3.141592653589793116e+00,0.000000000000000000e+00,3.141592653589793116e+00
1.999752026671976490e-01,3.149336154371539832e-03,0.000000000000000000e+00,-4.959364073312461557e-05,3.149075827565905872e-03,0.000000000000000000e+00,-3.125845321992851922e+00,0.000000000000000000e+00,3.141592653589793116e+00
1.999008168178676992e-01,6.297891357375815478e-03,0.000000000000000000e+00,-9.917498356610784157e-05,3.147904448930386768e-03,0.000000000000000000e+00,-3.110097990395910283e+00,0.000000000000000000e+00,3.141592653589793116e+00
1.997768608977167626e-01,9.444884851300669459e-03,0.000000000000000000e+00,-1.487317336483594667e-04,3.145952473952366105e-03,0.000000000000000000e+00,-3.094350658798969089e+00,0.000000000000000000e+00,3.141592653589793116e+00
1.996033656445069249e-01,1.258953626569614750e-02,0.000000000000000000e+00,-1.982516022276355813e-04,3.143220386669575653e-03,0.000000000000000000e+00,-3.078603327202027895e+00,0.000000000000000000e+00,3.141592653589793116e+00
1.993803740804334923e-01,1.573106581088554862e-02,0.000000000000000000e+00,-2.477223096973213065e-04,3.139708864566790290e-03,0.000000000000000000e+00,-3.062855995605086701e+00,0.000000000000000000e+00,3.141592653589793116e+00
1.991079415014567200e-01,1.886869447133246447e-02,0.000000000000000000e+00,-2.971315886414457115e-04,3.135418778407833475e-03,0.000000000000000000e+00,-3.047108664008145062e+00,0.000000000000000000e+00,3.141592653589793116e+00
1.987861354635899191e-01,2.200164419881586036e-02,0.000000000000000000e+00,-3.464671868766736832e-04,3.130351192019646678e-03,0.000000000000000000e+00,-3.031361332411203868e+00,0.000000000000000000e+00,3.141592653589793116e+00
1.984150357661472186e-01,2.512913810536528472e-02,0.000000000000000000e+00,-3.957168704905208697e-04,3.124507362028492146e-03,0.000000000000000000e+00,-3.015614000814262674e+00,0.000000000000000000e+00,3.141592653589793116e+00
1.979947344319556990e-01,2.825040065590835384e-02,0.000000000000000000e+00,-4.448684268750374444e-04,3.117888737548341494e-03,0.000000000000000000e+00,-2.999866669217321480e+00,0.000000000000000000e+00,3.141592653589793116e+00
1.975253356845358965e-01,3.136465786058278277e-02,0.000000000000000000e+00,-4.939096677552091497e-04,3.110496959821532938e-03,0.000000000000000000e+00,-2.984119337620379842e+00,0.000000000000000000e+00,3.141592653589793116e+00
1.970069559222574207e-01,3.447113746666519152e-02,0.000000000000000000e+00,-5.428284322113245382e-04,3.102333861811789988e-03,0.000000000000000000e+00,-2.968372006023438647e+00,0.000000000000000000e+00,3.141592653589793116e+00
1.964397236894750987e-01,3.756906915006923836e-02,0.000000000000000000e+00,-5.916125896945586323e-04,3.093401467749693542e-03,0.000000000000000000e+00,-2.952624674426497453e+00,0.000000000000000000e+00,3.141592653589793116e+00
1.958237796446534451e-01,4.065768470636538234e-02,0.000000000000000000e+00,-6.402500430350254986e-04,3.083701992630725770e-03,0.000000000000000000e+00,-2.936877342829555815e+00,0.000000000000000000e+00,3.141592653589793116e+00
1.951592765254871464e-01,4.373621824127515989e-02,0.000000000000000000e+00,-6.887287314415536975e-04,3.073237841666011990e-03,0.000000000000000000e+00,-2.921130011232614621e+00,0.000000000000000000e+00,3.141592653589793116e+00
1.944463791110261353e-01,4.680390636059248571e-02,0.000000000000000000e+00,-7.370366334924408460e-04,3.062011609685892383e-03,0.000000000000000000e+00,-2.905382679635673426e+00,0.000000000000000000e+00,3.141592653589793116e+00
1.936852641808147757e-01,4.985998835948505375e-02,0.000000000000000000e+00,-7.851617701164453726e-04,3.050026080496471420e-03,0.000000000000000000e+00,-2.889635348038732232e+00,0.000000000000000000e+00,3.141592653589793116e+00
1.928761204710554011e-01,5.290370641112890349e-02,0.000000000000000000e+00,-8.330922075632773418e-04,3.037284226189311542e-03,0.000000000000000000e+00,-2.873888016441790594e+00,0.000000000000000000e+00,3.141592653589793116e+00
1.920191486278065574e-01,5.593430575462920301e-02,0.000000000000000000e+00,-8.808160603628491367e-04,3.023789206404429390e-03,0.000000000000000000e+00,-2.858140684844849400e+00,0.000000000000000000e+00,3.141592653589793116e+00
1.911145611572281355e-01,5.895103488218084165e-02,0.000000000000000000e+00,-9.283214942725563331e-04,3.009544367546793196e-03,0.000000000000000000e+00,-2.842393353247908205e+00,0.000000000000000000e+00,3.141592653589793116e+00
1.901625823728858578e-01,6.195314572542229975e-02,0.000000000000000000e+00,-9.755967292118527005e-04,2.994553241956501768e-03,0.000000000000000000e+00,-2.826646021650966567e+00,0.000000000000000000e+00,3.141592653589793116e+00
1.891634483401269384e-01,6.493989384093669381e-02,0.000000000000000000e+00,-1.022630042183397467e-03,2.978819547032857985e-03,0.000000000000000000e+00,-2.810898690054025373e+00,0.000000000000000000e+00,3.141592653589793116e+00
1.881174068175427427e-01,6.791053859485385313e-02,0.000000000000000000e+00,-1.069409770180045072e-03,2.962347184312554959e-03,0.000000000000000000e+00,-2.795151358457084179e+00,0.000000000000000000e+00,3.141592653589793116e+00
1.870247171955307930e-01,7.086434334650776323e-02,0.000000000000000000e+00,-1.115924313076960099e-03,2.945140238502196462e-03,0.000000000000000000e+00,-2.779404026860142984e+00,0.000000000000000000e+00,3.141592653589793116e+00
1.858856504319731651e-01,7.380057563110382912e-02,0.000000000000000000e+00,-1.162162136508138998e-03,2.927202976465400133e-03,0.000000000000000000e+00,-2.763656695263201346e+00,0.000000000000000000e+00,3.141592653589793116e+00
1.847004889850460962e-01,7.671850734135059191e-02,0.000000000000000000e+00,-1.208111774726624644e-03,2.908539846164728913e-03,0.000000000000000000e+00,-2.747909363666260152e+00,0.000000000000000000e+00,3.141592653589793116e+00
1.834695267431778465e-01,7.961741490801090004e-02,0.000000000000000000e+00,-1.253761833447707055e-03,2.889155475558714825e-03,0.000000000000000000e+00,-2.732162032069318958e+00,0.000000000000000000e+00,3.141592653589793116e+00
1.821930689521721325e-01,8.249657947932785562e-02,0.000000000000000000e+00,-1.299100992674400443e-03,2.869054671454248761e-03,0.000000000000000000e+00,-2.716414700472377319e+00,0.000000000000000000e+00,3.141592653589793116e+00
1.808714321395155089e-01,8.535528709928073832e-02,0.000000000000000000e+00,-1.344118009504501401e-03,2.848242418314620317e-03,0.000000000000000000e+00,-2.700667368875436125e+00,0.000000000000000000e+00,3.141592653589793116e+00
1.795049440358868487e-01,8.819282888462720571e-02,0.000000000000000000e+00,-1.388801720918528921e-03,2.826723877023504337e-03,0.000000000000000000e+00,-2.684920037278494931e+00,0.000000000000000000e+00,3.141592653589793116e+00
1.780939434938889065e-01,9.100850120068731952e-02,0.000000000000000000e+00,-1.433141046547855603e-03,2.804504383605198586e-03,0.000000000000000000e+00,-2.669172705681553737e+00,0.000000000000000000e+00,3.141592653589793116e+00
1.766387804040219500e-01,9.380160583582626554e-02,0.000000000000000000e+00,-1.477124991422342241e-03,2.781589447901434368e-03,0.000000000000000000e+00,-2.653425374084612098e+00,0.000000000000000000e+00,3.141592653589793116e+00
1.751398156079201351e-01,9.657145017459212166e-02,0.000000000000000000e+00,-1.520742648696799025e-03,2.757984752205077522e-03,0.000000000000000000e+00,-2.637678042487670904e+00,0.000000000000000000e+00,3.141592653589793116e+00
1.735974208088726378e-01,9.931734736946613851e-02,0.000000000000000000e+00,-1.563983202355590961e-03,2.733696149851078463e-03,0.000000000000000000e+00,-2.621930710890729710e+00,0.000000000000000000e+00,3.141592653589793116e+00
1.720119784796507734e-01,1.020386165111824561e-01,0.000000000000000000e+00,-1.606835929894721588e-03,2.708729663764995223e-03,0.000000000000000000e+00,-2.606183379293788072e+00,0.000000000000000000e+00,3.141592653589793116e+00
1.703838817676654183e-01,1.047345827975755816e-01,0.000000000000000000e+00,-1.649290204980728659e-03,2.683091484969471995e-03,0.000000000000000000e+00,-2.590436047696846877e+00,0.000000000000000000e+00,3.141592653589793116e+00
1.687135343974765500e-01,1.074045777009131897e-01,0.000000000000000000e+00,-1.691335500085729311e-03,2.656787971049028810e-03,0.000000000000000000e+00,-2.574688716099905683e+00,0.000000000000000000e+00,3.141592653589793116e+00
1.670013505706804957e-01,1.100479391336733753e-01,0.000000000000000000e+00,-1.732961389097969866e-03,2.629825644573551349e-03,0.000000000000000000e+00,-2.558941384502964489e+00,0.000000000000000000e+00,3.141592653589793116e+00
1.652477548631989812e-01,1.126640116127244212e-01,0.000000000000000000e+00,-1.774157549907219101e-03,2.602211191480867294e-03,0.000000000000000000e+00,-2.543194052906022851e+00,0.000000000000000000e+00,3.141592653589793116e+00
1.634531821199955992e-01,1.152521464218673464e-01,0.000000000000000000e+00,-1.814913766964379189e-03,2.573951459418810823e-03,0.000000000000000000e+00,-2.527446721309081656e+00,0.000000000000000000e+00,3.141592653589793116e+00
1.616180773472458976e-01,1.178117017727001725e-01,0.000000000000000000e+00,-1.855219933814669219e-03,2.545053456047191576e-03,0.000000000000000000e+00,-2.511699389712140462e+00,0.000000000000000000e+00,3.141592653589793116e+00
1.597428956019875945e-01,1.203420429637643285e-01,0.000000000000000000e+00,-1.895066055603755696e-03,2.515524347300077904e-03,0.000000000000000000e+00,-2.495952058115198824e+00,0.000000000000000000e+00,3.141592653589793116e+00
1.578281018792787316e-01,1.228425425379335717e-01,0.000000000000000000e+00,-1.934442251556209432e-03,2.485371455608839392e-03,0.000000000000000000e+00,-2.480204726518257630e+00,0.000000000000000000e+00,3.141592653589793116e+00
1.558741709968912148e-01,1.253125804380068042e-01,0.000000000000000000e+00,-1.973338757425675393e-03,2.454602258086379264e-03,0.000000000000000000e+00,-2.464457394921316435e+00,0.000000000000000000e+00,3.141592653589793116e+00
1.538815874775686654e-01,1.277515441604656077e-01,0.000000000000000000e+00,-2.011745927916144209e-03,2.423224384673006854e-03,0.000000000000000000e+00,-2.448710063324375241e+00,0.000000000000000000e+00,3.141592653589793116e+00
1.518508454288777232e-01,1.301588289073587201e-01,0.000000000000000000e+00,-2.049654239073729275e-03,2.391245616244418518e-03,0.000000000000000000e+00,-2.432962731727433603e+00,0.000000000000000000e+00,3.141592653589793116e+00
1.497824484206826123e-01,1.325338377362760833e-01,0.000000000000000000e+00,-2.087054290648353988e-03,2.358673882682248840e-03,0.000000000000000000e+00,-2.417215400130492409e+00,0.000000000000000000e+00,3.141592653589793116e+00
1.476769093602730842e-01,1.348759817083741985e-01,0.000000000000000000e+00,-2.123936808424760174e-03,2.325517260907667902e-03,0.000000000000000000e+00,-2.401468068533551214e+00,0.000000000000000000e+00,3.141592653589793116e+00
1.455347503651772401e-01,1.371846800344176109e-01,0.000000000000000000e+00,-2.160292646522269603e-03,2.291783972878522896e-03,0.000000000000000000e+00,-2.385720736936609576e+00,0.000000000000000000e+00,3.141592653589793116e+00
1.433565026336902637e-01,1.394593602187990944e-01,0.000000000000000000e+00,-2.196112789662716357e-03,2.257482383550512423e-03,0.000000000000000000e+00,-2.369973405339668382e+00,0.000000000000000000e+00,3.141592653589793116e+00
1.411427063131513726e-01,1.416994582015030368e-01,0.000000000000000000e+00,-2.231388355405994513e-03,2.222620998802897398e-03,0.000000000000000000e+00,-2.354226073742727188e+00,0.000000000000000000e+00,3.141592653589793116e+00
1.388939103660017382e-01,1.439044184979776098e-01,0.000000000000000000e+00,-2.266110596352669503e-03,2.187208463329274634e-03,0.000000000000000000e+00,-2.338478742145785994e+00,0.000000000000000000e+00,3.141592653589793116e+00
1.366106724336564326e-01,1.460736943368799168e-01,0.000000000000000000e+00,-2.300270902313097596e-03,2.151253558493918753e-03,0.000000000000000000e+00,-2.322731410548844799e+00,0.000000000000000000e+00,3.141592653589793116e+00
1.342935586982242080e-01,1.482067477956608426e-01,0.000000000000000000e+00,-2.333860802442523120e-03,2.114765200154239758e-03,0.000000000000000000e+00,-2.306984078951903161e+00,0.000000000000000000e+00,3.141592653589793116e+00
1.319431437421094422e-01,1.503030499339552684e-01,0.000000000000000000e+00,-2.366871967341623029e-03,2.077752436449890102e-03,0.000000000000000000e+00,-2.291236747354961967e+00,0.000000000000000000e+00,3.141592653589793116e+00
1.295600104055310564e-01,1.523620809247454855e-01,0.000000000000000000e+00,-2.399296211121974918e-03,2.040224445559065541e-03,0.000000000000000000e+00,-2.275489415758020328e+00,0.000000000000000000e+00,3.141592653589793116e+00
1.271447496419935985e-01,1.543833301832641947e-01,0.000000000000000000e+00,-2.431125493435940671e-03,2.002190533422559642e-03,0.000000000000000000e+00,-2.259742084161079134e+00,0.000000000000000000e+00,3.141592653589793116e+00
1.246979603717467272e-01,1.563662964936059774e-01,0.000000000000000000e+00,-2.462351921470456138e-03,1.963660131436143971e-03,0.000000000000000000e+00,-2.243994752564137940e+00,0.000000000000000000e+00,3.141592653589793116e+00
1.222202493332686796e-01,1.583104881330155145e-01,0.000000000000000000e+00,-2.492967751904238971e-03,1.924642794111828224e-03,0.000000000000000000e+00,-2.228247420967196746e+00,0.000000000000000000e+00,3.141592653589793116e+00
1.197122309328116085e-01,1.602154229938216323e-01,0.000000000000000000e+00,-2.522965392827926281e-03,1.885148196708600265e-03,0.000000000000000000e+00,-2.212500089370255552e+00,0.000000000000000000e+00,3.141592653589793116e+00
1.171745270920449555e-01,1.620806287029872839e-01,0.000000000000000000e+00,-2.552337405626665945e-03,1.845186132833216176e-03,0.000000000000000000e+00,-2.196752757773313913e+00,0.000000000000000000e+00,3.141592653589793116e+00
1.146077670938357163e-01,1.639056427392452941e-01,0.000000000000000000e+00,-2.581076506824693181e-03,1.804766512011650925e-03,0.000000000000000000e+00,-2.181005426176372719e+00,0.000000000000000000e+00,3.141592653589793116e+00
1.120125874262028476e-01,1.656900125477913932e-01,0.000000000000000000e+00,-2.609175569891439197e-03,1.763899357231795990e-03,0.000000000000000000e+00,-2.165258094579431081e+00,0.000000000000000000e+00,3.141592653589793116e+00
1.093896316244853950e-01,1.674332956525057259e-01,0.000000000000000000e+00,-2.636627627008720880e-03,1.722594802458030181e-03,0.000000000000000000e+00,-2.149510762982489886e+00,0.000000000000000000e+00,3.141592653589793116e+00
1.067395501117627127e-01,1.691350597656751387e-01,0.000000000000000000e+00,-2.663425870798574822e-03,1.680863090118262350e-03,0.000000000000000000e+00,-2.133763431385548692e+00,0.000000000000000000e+00,3.141592653589793116e+00
1.040630000375670355e-01,1.707948828951889875e-01,0.000000000000000000e+00,-2.689563656011301988e-03,1.638714568564085235e-03,0.000000000000000000e+00,-2.118016099788607498e+00,0.000000000000000000e+00,3.141592653589793116e+00
1.013606451149279969e-01,1.724123534491819043e-01,0.000000000000000000e+00,-2.715034501173316673e-03,1.596159689504661472e-03,0.000000000000000000e+00,-2.102268768191666304e+00,0.000000000000000000e+00,3.141592653589793116e+00
9.863315545578911492e-02,1.739870703380976547e-01,0.000000000000000000e+00,-2.739832090194376912e-03,1.553209005414973214e-03,0.000000000000000000e+00,-2.086521436594724666e+00,0.000000000000000000e+00,3.141592653589793116e+00
9.588120740483845050e-02,1.755186430741485504e-01,0.000000000000000000e+00,-2.763950273933805588e-03,1.509873166919096501e-03,0.000000000000000000e+00,-2.070774104997783471e+00,0.000000000000000000e+00,3.141592653589793116e+00
9.310548337179262723e-02,1.770066918681462154e-01,0.000000000000000000e+00,-2.787383071725314972e-03,1.466162920149124667e-03,0.000000000000000000e+00,-2.055026773400841833e+00,0.000000000000000000e+00,3.141592653589793116e+00
9.030667166217790087e-02,1.784508477236788071e-01,0.000000000000000000e+00,-2.810124672860051312e-03,1.422089104080419275e-03,0.000000000000000000e+00,-2.039279441803900639e+00,0.000000000000000000e+00,3.141592653589793116e+00
8.748546630664831569e-02,1.798507525286127395e-01,0.000000000000000000e+00,-2.832169438027497353e-03,1.377662647843828263e-03,0.000000000000000000e+00,-2.023532110206959445e+00,0.000000000000000000e+00,3.141592653589793116e+00
8.464256688888500968e-02,1.812060591438946211e-01,0.000000000000000000e+00,-2.853511900713869356e-03,1.332894568015558032e-03,0.000000000000000000e+00,-2.007784778610018250e+00,0.000000000000000000e+00,3.141592653589793116e+00
8.177867837211777458e-02,1.825164314896325080e-01,0.000000000000000000e+00,-2.874146768557665592e-03,1.287795965885351951e-03,0.000000000000000000e+00,-1.992037447013076834e+00,0.000000000000000000e+00,3.141592653589793116e+00
7.889451092431321033e-02,1.837815446284349619e-01,0.000000000000000000e+00,-2.894068924662034949e-03,1.242378024703669594e-03,0.000000000000000000e+00,-1.976290115416135418e+00,0.000000000000000000e+00,3.141592653589793116e+00
7.599077974207200936e-02,1.850010848459865409e-01,0.000000000000000000e+00,-2.913273428863625680e-03,1.196652006908538934e-03,0.000000000000000000e+00,-1.960542783819194224e+00,0.000000000000000000e+00,3.141592653589793116e+00
7.306820487327900238e-02,1.861747497288408493e-01,0.000000000000000000e+00,-2.931755518957618063e-03,1.150629251332768201e-03,0.000000000000000000e+00,-1.944795452222252807e+00,0.000000000000000000e+00,3.141592653589793116e+00
7.012751103855090207e-02,1.873022482394109678e-01,0.000000000000000000e+00,-2.949510611878623095e-03,1.104321170392223673e-03,0.000000000000000000e+00,-1.929048120625311613e+00,0.000000000000000000e+00,3.141592653589793116e+00
6.716942745152450212e-02,1.883833007881388355e-01,0.000000000000000000e+00,-2.966534304837159259e-03,1.057739247255849507e-03,0.000000000000000000e+00,-1.913300789028370197e+00,0.000000000000000000e+00,3.141592653589793116e+00
6.419468763803155842e-02,1.894176393028261796e-01,0.000000000000000000e+00,-2.982822376411428927e-03,1.010895032998152757e-03,0.000000000000000000e+00,-1.897553457431429003e+00,0.000000000000000000e+00,3.141592653589793116e+00
6.120402925420353329e-02,1.904050072951092298e-01,0.000000000000000000e+00,-2.998370787594116429e-03,9.638001437348402275e-04,0.000000000000000000e+00,-1.881806125834487586e+00,0.000000000000000000e+00,3.141592653589793116e+00
5.819819390355288058e-02,1.913451599240609813e-01,0.000000000000000000e+00,-3.013175682793955371e-03,9.164662577423359413e-04,0.000000000000000000e+00,-1.866058794237546170e+00,0.000000000000000000e+00,3.141592653589793116e+00
5.517792695307504464e-02,1.922378640569050723e-01,0.000000000000000000e+00,-3.027233390791811505e-03,8.689051125618787660e-04,0.000000000000000000e+00,-1.850311462640604976e+00,0.000000000000000000e+00,3.141592653589793116e+00
5.214397734841716425e-02,1.930828983268268739e-01,0.000000000000000000e+00,-3.040540425651049126e-03,8.211285020889220500e-04,0.000000000000000000e+00,-1.834564131043663560e+00,0.000000000000000000e+00,3.141592653589793116e+00
4.909709742815984712e-02,1.938800531878660804e-01,0.000000000000000000e+00,-3.053093487581947253e-03,7.731482736485679758e-04,0.000000000000000000e+00,-1.818816799446722365e+00,0.000000000000000000e+00,3.141592653589793116e+00
4.603804273725693036e-02,1.946291309668789216e-01,0.000000000000000000e+00,-3.064889463759962619e-03,7.249763250577409297e-04,0.000000000000000000e+00,-1.803069467849780949e+00,0.000000000000000000e+00,3.141592653589793116e+00
4.296757183968080707e-02,1.953299459125555360e-01,0.000000000000000000e+00,-3.075925429097624807e-03,6.766246016748515618e-04,0.000000000000000000e+00,-1.787322136252839755e+00,0.000000000000000000e+00,3.141592653589793116e+00
3.988644613031844949e-02,1.959823242414815425e-01,0.000000000000000000e+00,-3.086198646969881380e-03,6.281050934376615838e-04,0.000000000000000000e+00,-1.771574804655898339e+00,0.000000000000000000e+00,3.141592653589793116e+00
3.679542964616613204e-02,1.965861041812315968e-01,0.000000000000000000e+00,-3.095706569892706529e-03,5.794298318901032561e-04,0.000000000000000000e+00,-1.755827473058956922e+00,0.000000000000000000e+00,3.141592653589793116e+00
3.369528887686842888e-02,1.971411360104846078e-01,0.000000000000000000e+00,-3.104446840154810594e-03,5.306108871987756442e-04,0.000000000000000000e+00,-1.740080141462015728e+00,0.000000000000000000e+00,3.141592653589793116e+00
3.058679257464917006e-02,1.976472820961507615e-01,0.000000000000000000e+00,-3.112417290402289156e-03,4.816603651598630334e-04,0.000000000000000000e+00,-1.724332809865074312e+00,0.000000000000000000e+00,3.141592653589793116e+00
2.747071156368165179e-02,1.981044169275006650e-01,0.000000000000000000e+00,-3.119615944176068120e-03,4.325904041972253354e-04,0.000000000000000000e+00,-1.708585478268133118e+00,0.000000000000000000e+00,3.141592653589793116e+00
2.434781854894446651e-02,1.985124271472888946e-01,0.000000000000000000e+00,-3.126041016402014271e-03,3.834131723523871195e-04,0.000000000000000000e+00,-1.692838146671191701e+00,0.000000000000000000e+00,3.141592653589793116e+00
2.121888792461162562e-02,1.988712115798633440e-01,0.000000000000000000e+00,-3.131690913833584666e-03,3.341408642671932628e-04,0.000000000000000000e+00,-1.677090815074250507e+00,0.000000000000000000e+00,3.141592653589793116e+00
1.808469558202311506e-02,1.991806812562542661e-01,0.000000000000000000e+00,-3.136564235446910338e-03,2.847856981598576899e-04,0.000000000000000000e+00,-1.661343483477309091e+00,0.000000000000000000e+00,3.141592653589793116e+00
1.494601871728487921e-02,1.994407594362360425e-01,0.000000000000000000e+00,-3.140659772788212400e-03,2.353599127951765558e-04,0.000000000000000000e+00,-1.645596151880367897e+00,0.000000000000000000e+00,3.141592653589793116e+00
1.180363563854456947e-02,1.996513816273568498e-01,0.000000000000000000e+00,-3.143976510273466425e-03,1.858757644496355154e-04,0.000000000000000000e+00,-1.629848820283426480e+00,0.000000000000000000e+00,3.141592653589793116e+00
8.658325572992191591e-03,1.998124956009310060e-01,0.000000000000000000e+00,-3.146513625440239183e-03,1.363455238721850084e-04,0.000000000000000000e+00,-1.614101488686485064e+00,0.000000000000000000e+00,3.141592653589793116e+00
5.510868473632412300e-03,1.999240614049903053e-01,0.000000000000000000e+00,-3.148270489151640521e-03,8.678147324141946236e-05,0.000000000000000000e+00,-1.598354157089543870e+00,0.000000000000000000e+00,3.141592653589793116e+00
2.362044825876880982e-03,1.999860513741909818e-01,0.000000000000000000e+00,-3.149246665752327475e-03,3.719590311992276437e-05,0.000000000000000000e+00,-1.582606825492602454e+00,0.000000000000000000e+00,3.141592653589793116e+00
-7.873645459950198450e-04,1.999984501366740830e-01,0.000000000000000000e+00,-3.149441913176541114e-03,-1.239889059345873363e-05,0.000000000000000000e+00,-1.566859493895661259e+00,0.000000000000000000e+00,3.141592653589793116e+00
-3.936578672460127118e-03,1.999612546178772543e-01,0.000000000000000000e+00,-3.148856183008126673e-03,-6.199060971267667637e-05,0.000000000000000000e+00,-1.551112162298719843e+00,0.000000000000000000e+00,3.141592653589793116e+00
-7.084816632410752962e-03,1.998744740412970178e-01,0.000000000000000000e+00,-3.147489620492544340e-03,-1.115669568140972406e-04,0.000000000000000000e+00,-1.535364830701778649e+00,0.000000000000000000e+00,3.141592653589793116e+00
-1.023129774680264781e-02,1.997381299262017962e-01,0.000000000000000000e+00,-3.145342564500848166e-03,-1.611156382859398680e-04,0.000000000000000000e+00,-1.519617499104837233e+00,0.000000000000000000e+00,3.141592653589793116e+00
-1.337524177224221934e-02,1.995522560822955704e-01,0.000000000000000000e+00,-3.142415547445658649e-03,-2.106243673767593252e-04,0.000000000000000000e+00,-1.503870167507896038e+00,0.000000000000000000e+00,3.141592653589793116e+00
-1.651586909446645449e-02,1.993168986013339750e-01,0.000000000000000000e+00,-3.138709295149135978e-03,-2.600808672422382450e-04,0.000000000000000000e+00,-1.488122835910954622e+00,0.000000000000000000e+00,3.141592653589793116e+00
-1.965240092166613273e-02,1.990321158456948569e-01,0.000000000000000000e+00,-3.134224726662995959e-03,-3.094728739895117654e-04,0.000000000000000000e+00,-1.472375504314013206e+00,0.000000000000000000e+00,3.141592653589793116e+00
-2.278405947760556507e-02,1.986979784339059085e-01,0.000000000000000000e+00,-3.128962954040611158e-03,-3.587881397182884468e-04,0.000000000000000000e+00,-1.456628172717072012e+00,0.000000000000000000e+00,3.141592653589793116e+00
-2.591006819449048759e-02,1.983145692231331192e-01,0.000000000000000000e+00,-3.122925282061251012e-03,-4.080144355580044317e-04,0.000000000000000000e+00,-1.440880841120130595e+00,0.000000000000000000e+00,3.141592653589793116e+00
-2.902965190553586511e-02,1.978819832886344887e-01,0.000000000000000000e+00,-3.116113207906528147e-03,-4.571395547002527057e-04,0.000000000000000000e+00,-1.425133509523189401e+00,0.000000000000000000e+00,3.141592653589793116e+00
-3.214203703718689770e-02,1.974003279001838584e-01,0.000000000000000000e+00,-3.108528420789142405e-03,-5.061513154257514220e-04,0.000000000000000000e+00,-1.409386177926247985e+00,0.000000000000000000e+00,3.141592653589793116e+00
-3.524645180094431590e-02,1.968697224954708835e-01,0.000000000000000000e+00,-3.100172801533998025e-03,-5.550375641250797441e-04,0.000000000000000000e+00,-1.393638846329306791e+00,0.000000000000000000e+00,3.141592653589793116e+00
-3.834212638474768231e-02,1.962902986504835856e-01,0.000000000000000000e+00,-3.091048422111808500e-03,-6.037861783124545733e-04,0.000000000000000000e+00,-1.377891514732365374e+00,0.000000000000000000e+00,3.141592653589793116e+00
-4.142829314386790862e-02,1.956622000468811740e-01,0.000000000000000000e+00,-3.081157545125305305e-03,-6.523850696317785424e-04,0.000000000000000000e+00,-1.362144183135423958e+00,0.000000000000000000e+00,3.141592653589793116e+00
-4.450418679126286886e-02,1.949855824363647405e-01,0.000000000000000000e+00,-3.070502623248172816e-03,-7.008221868542323157e-04,0.000000000000000000e+00,-1.346396851538482764e+00,0.000000000000000000e+00,3.141592653589793116e+00
-4.756904458734825814e-02,1.942606136020549046e-01,0.000000000000000000e+00,-3.059086298616847752e-03,-7.490855188666597358e-04,0.000000000000000000e+00,-1.330649519941541348e+00,0.000000000000000000e+00,3.141592653589793116e+00
-5.062210652913637365e-02,1.934874733168862604e-01,0.000000000000000000e+00,-3.046911402175343613e-03,-7.971630976499986939e-04,0.000000000000000000e+00,-1.314902188344600154e+00,0.000000000000000000e+00,3.141592653589793116e+00
-5.366261553869693807e-02,1.926663532990283423e-01,0.000000000000000000e+00,-3.033980952973248414e-03,-8.450430012470365113e-04,0.000000000000000000e+00,-1.299154856747658737e+00,0.000000000000000000e+00,3.141592653589793116e+00
-5.668981765089187164e-02,1.917974571643446813e-01,0.000000000000000000e+00,-3.020298157417084395e-03,-8.927133567187313249e-04,0.000000000000000000e+00,-1.283407525150717543e+00,0.000000000000000000e+00,3.141592653589793116e+00
-5.970296220033891044e-02,1.908810003759014995e-01,0.000000000000000000e+00,-3.005866408475201413e-03,-9.401623430883901920e-04,0.000000000000000000e+00,-1.267660193553776127e+00,0.000000000000000000e+00,3.141592653589793116e+00
-6.270130200755624772e-02,1.899172101905386434e-01,0.000000000000000000e+00,-2.990689284836415239e-03,-9.873781942729507183e-04,0.000000000000000000e+00,-1.251912861956834710e+00,0.000000000000000000e+00,3.141592653589793116e+00
-6.568409356424331769e-02,1.889063256025158566e-01,0.000000000000000000e+00,-2.974770550022582880e-03,-1.034349202000658767e-03,0.000000000000000000e+00,-1.236165530359893516e+00,0.000000000000000000e+00,3.141592653589793116e+00
-6.865059721765109924e-02,1.878485972842486862e-01,0.000000000000000000e+00,-2.958114151455354737e-03,-1.081063718714409113e-03,0.000000000000000000e+00,-1.220418198762952100e+00,0.000000000000000000e+00,3.141592653589793116e+00
-7.160007735399595563e-02,1.867442875241484002e-01,0.000000000000000000e+00,-2.940724219477316558e-03,-1.127510160460023060e-03,0.000000000000000000e+00,-1.204670867166010906e+00,0.000000000000000000e+00,3.141592653589793116e+00
-7.453180258087263588e-02,1.855936701615812923e-01,0.000000000000000000e+00,-2.922605066327774431e-03,-1.173677009758768153e-03,0.000000000000000000e+00,-1.188923535569069490e+00,0.000000000000000000e+00,3.141592653589793116e+00
-7.744504590861969739e-02,1.843970305189641390e-01,0.000000000000000000e+00,-2.903761185073436973e-03,-1.219552818463378067e-03,0.000000000000000000e+00,-1.173176203972128295e+00,0.000000000000000000e+00,3.141592653589793116e+00
-8.033908493059388478e-02,1.831546653310114903e-01,0.000000000000000000e+00,-2.884197248494250153e-03,-1.265126210596893321e-03,0.000000000000000000e+00,-1.157428872375186879e+00,0.000000000000000000e+00,3.141592653589793116e+00
-8.321320200230743203e-02,1.818668826711536957e-01,0.000000000000000000e+00,-2.863918107924678328e-03,-1.310385885173596596e-03,0.000000000000000000e+00,-1.141681540778245685e+00,0.000000000000000000e+00,3.141592653589793116e+00
-8.606668441938500336e-02,1.805340018751425968e-01,0.000000000000000000e+00,-2.842928792050696506e-03,-1.355320619001358553e-03,0.000000000000000000e+00,-1.125934209181304269e+00,0.000000000000000000e+00,3.141592653589793116e+00
-8.889882459429508665e-02,1.791563534618651476e-01,0.000000000000000000e+00,-2.821234505662816461e-03,-1.399919269464687012e-03,0.000000000000000000e+00,-1.110186877584363074e+00,0.000000000000000000e+00,3.141592653589793116e+00
-9.170892023181322072e-02,1.777342790513831150e-01,0.000000000000000000e+00,-2.798840628365431224e-03,-1.444170777287803395e-03,0.000000000000000000e+00,-1.094439545987421436e+00,0.000000000000000000e+00,3.141592653589793116e+00
-9.449627450317193977e-02,1.762681312802208966e-01,0.000000000000000000e+00,-2.775752713242823130e-03,-1.488064169277039748e-03,0.000000000000000000e+00,-1.078692214390480242e+00,0.000000000000000000e+00,3.141592653589793116e+00
-9.726019621885625965e-02,1.747582737139205811e-01,0.000000000000000000e+00,-2.751976485482141195e-03,-1.531588561041907770e-03,0.000000000000000000e+00,-1.062944882793539048e+00,0.000000000000000000e+00,3.141592653589793116e+00
-9.999999999999996392e-02,1.732050807568877582e-01,0.000000000000000000e+00,-2.727517840953711664e-03,-1.574733159694131435e-03,0.000000000000000000e+00,-1.047197551196597853e+00,0.000000000000000000e+00,3.141592653589793116e+00
-1.027150064483413755e-01,1.716089375595490074e-01,0.000000000000000000e+00,-2.702382844749016098e-03,-1.617487266523997668e-03,0.000000000000000000e+00,-1.031450219599656215e+00,0.000000000000000000e+00,3.141592653589793116e+00
-1.054045423146957594e-01,1.699702399228450733e-01,0.000000000000000000e+00,-2.676577729676715180e-03,-1.659840279653347021e-03,0.000000000000000000e+00,-1.015702888002715021e+00,0.000000000000000000e+00,3.141592653589793116e+00
-1.080679406659035557e-01,1.682893942000824872e-01,0.000000000000000000e+00,-2.650108894717072110e-03,-1.701781696664562927e-03,0.000000000000000000e+00,-9.999555564057738266e-01,0.000000000000000000e+00,3.141592653589793116e+00
-1.107045410502118243e-01,1.665668171961689481e-01,0.000000000000000000e+00,-2.622982903435180230e-03,-1.743301117204887991e-03,0.000000000000000000e+00,-9.842082248088321883e-01,0.000000000000000000e+00,3.141592653589793116e+00
-1.133136896610484751e-01,1.648029360642570551e-01,0.000000000000000000e+00,-2.595206482353375199e-03,-1.784388245565431521e-03,0.000000000000000000e+00,-9.684608932118909941e-01,0.000000000000000000e+00,3.141592653589793116e+00
-1.158947394991492463e-01,1.629981881998212312e-01,0.000000000000000000e+00,-2.566786519283232454e-03,-1.825032893234236012e-03,0.000000000000000000e+00,-9.527135616149497999e-01,0.000000000000000000e+00,3.141592653589793116e+00
-1.184470505329959789e-01,1.611530211321956507e-01,0.000000000000000000e+00,-2.537730061617577120e-03,-1.865224981422752924e-03,0.000000000000000000e+00,-9.369662300180086056e-01,0.000000000000000000e+00,3.141592653589793116e+00
-1.209699898575275212e-01,1.592678924135988439e-01,0.000000000000000000e+00,-2.508044314582915778e-03,-1.904954543565114079e-03,0.000000000000000000e+00,-9.212188984210669673e-01,0.000000000000000000e+00,3.141592653589793116e+00
-1.234629318510830354e-01,1.573432695056729280e-01,0.000000000000000000e+00,-2.477736639452737203e-03,-1.944211727789572908e-03,0.000000000000000000e+00,-9.054715668241257731e-01,0.000000000000000000e+00,3.141592653589793116e+00
-1.259252583305398854e-01,1.553796296635656105e-01,0.000000000000000000e+00,-2.446814551722107517e-03,-1.982986799361509227e-03,0.000000000000000000e+00,-8.897242352271845789e-01,0.000000000000000000e+00,3.141592653589793116e+00
-1.283563587046062660e-01,1.533774598175835224e-01,0.000000000000000000e+00,-2.415285719244030741e-03,-2.021270143097380224e-03,0.000000000000000000e+00,-8.739769036302433847e-01,0.000000000000000000e+00,3.141592653589793116e+00
-1.307556301252317532e-01,1.513372564524465835e-01,0.000000000000000000e+00,-2.383157960328023597e-03,-2.059052265749034341e-03,0.000000000000000000e+00,-8.582295720333017464e-01,0.000000000000000000e+00,3.141592653589793116e+00
-1.331224776370971696e-01,1.492595254841732333e-01,0.000000000000000000e+00,-2.350439241801389415e-03,-2.096323798357774618e-03,0.000000000000000000e+00,-8.424822404363605521e-01,0.000000000000000000e+00,3.141592653589793116e+00
-1.354563143251481805e-01,1.471447821346263396e-01,0.000000000000000000e+00,-2.317137677033648258e-03,-2.133075498577620931e-03,0.000000000000000000e+00,-8.267349088394193579e-01,0.000000000000000000e+00,3.141592653589793116e+00
-1.377565614601342359e-01,1.449935508037521747e-01,0.000000000000000000e+00,-2.283261523924643224e-03,-2.169298252967160733e-03,0.000000000000000000e+00,-8.109875772424777196e-01,0.000000000000000000e+00,3.141592653589793116e+00
-1.400226486421178584e-01,1.428063649395432677e-01,0.000000000000000000e+00,-2.248819182856803042e-03,-2.204983079249434909e-03,0.000000000000000000e+00,-7.952402456455365254e-01,0.000000000000000000e+00,3.141592653589793116e+00
-1.422540139419189997e-01,1.405837669057573569e-01,0.000000000000000000e+00,-2.213819194612066596e-03,-2.240121128539311873e-03,0.000000000000000000e+00,-7.794929140485953312e-01,0.000000000000000000e+00,3.141592653589793116e+00
-1.444501040404582437e-01,1.383263078474257224e-01,0.000000000000000000e+00,-2.178270238253999375e-03,-2.274703687537769220e-03,0.000000000000000000e+00,-7.637455824516541369e-01,0.000000000000000000e+00,3.141592653589793116e+00
-1.466103743659652736e-01,1.360345475541838711e-01,0.000000000000000000e+00,-2.142181128975616158e-03,-2.308722180692560771e-03,0.000000000000000000e+00,-7.479982508547124986e-01,0.000000000000000000e+00,3.141592653589793116e+00
-1.487342892290179353e-01,1.337090543214588811e-01,0.000000000000000000e+00,-2.105560815913452930e-03,-2.342168172324723008e-03,0.000000000000000000e+00,-7.322509192577713044e-01,0.000000000000000000e+00,3.141592653589793116e+00
-1.508213219553792284e-01,1.313504048095469334e-01,0.000000000000000000e+00,-2.068418379928411467e-03,-2.375033368720403087e-03,0.000000000000000000e+00,-7.165035876608301102e-01,0.000000000000000000e+00,3.141592653589793116e+00
-1.528709550165983921e-01,1.289591839006170026e-01,0.000000000000000000e+00,-2.030763031353952520e-03,-2.407309620187474998e-03,0.000000000000000000e+00,-7.007562560638884719e-01,0.000000000000000000e+00,3.141592653589793116e+00
-1.548826801583438884e-01,1.265359845536760952e-01,0.000000000000000000e+00,-1.992604107712182306e-03,-2.438988923076445148e-03,0.000000000000000000e+00,-6.850089244669472777e-01,0.000000000000000000e+00,3.141592653589793116e+00
-1.568559985264372791e-01,1.240814076575306873e-01,0.000000000000000000e+00,-1.953951071398389583e-03,-2.470063421765146885e-03,0.000000000000000000e+00,-6.692615928700060834e-01,0.000000000000000000e+00,3.141592653589793116e+00
-1.587904207905556087e-01,1.215960618817825689e-01,0.000000000000000000e+00,-1.914813507334626585e-03,-2.500525410606723939e-03,0.000000000000000000e+00,-6.535142612730648892e-01,0.000000000000000000e+00,3.141592653589793116e+00
-1.606854672655722571e-01,1.190805635258949807e-01,0.000000000000000000e+00,-1.875201120592904103e-03,-2.530367335840426161e-03,0.000000000000000000e+00,-6.377669296761232509e-01,0.000000000000000000e+00,3.141592653589793116e+00
-1.625406680305060136e-01,1.165355363663670291e-01,0.000000000000000000e+00,-1.835123733988595733e-03,-2.559581797464737050e-03,0.000000000000000000e+00,-6.220195980791820567e-01,0.000000000000000000e+00,3.141592653589793116e+00
-1.643555630450490301e-01,1.139616115020532644e-01,0.000000000000000000e+00,-1.794591285644634793e-03,-2.588161551072381585e-03,0.000000000000000000e+00,-6.062722664822408625e-01,0.000000000000000000e+00,3.141592653589793116e+00
-1.661297022636446241e-01,1.113594271976683370e-01,0.000000000000000000e+00,-1.753613826527129294e-03,-2.616099509646744713e-03,0.000000000000000000e+00,-5.905249348852992242e-01,0.000000000000000000e+00,3.141592653589793116e+00
-1.678626457470862587e-01,1.087296287255144905e-01,0.000000000000000000e+00,-1.712201517952992779e-03,-2.643388745319258989e-03,0.000000000000000000e+00,-5.747776032883580299e-01,0.000000000000000000e+00,3.141592653589793116e+00
-1.695539637716111658e-01,1.060728682054707800e-01,0.000000000000000000e+00,-1.670364629070202316e-03,-2.670022491087336355e-03,0.000000000000000000e+00,-5.590302716914168357e-01,0.000000000000000000e+00,3.141592653589793116e+00
-1.712032369354600236e-01,1.033898044432851604e-01,0.000000000000000000e+00,-1.628113534311328514e-03,-2.695994142492400859e-03,0.000000000000000000e+00,-5.432829400944756415e-01,0.000000000000000000e+00,3.141592653589793116e+00
-1.728100562628775982e-01,1.006811027672079445e-01,0.000000000000000000e+00,-1.585458710820949937e-03,-2.721297259257619405e-03,0.000000000000000000e+00,-5.275356084975340032e-01,0.000000000000000000e+00,3.141592653589793116e+00
-1.743740233055276756e-01,9.794743486300852564e-02,0.000000000000000000e+00,-1.542410735857605887e-03,-2.745925566884918102e-03,0.000000000000000000e+00,-5.117882769005928090e-01,0.000000000000000000e+00,3.141592653589793116e+00
-1.758947502412978037e-01,9.518947860741473754e-02,0.000000000000000000e+00,-1.498980284170912079e-03,-2.769872958210890888e-03,0.000000000000000000e+00,-4.960409453036516148e-01,0.000000000000000000e+00,3.141592653589793116e+00
-1.773718599704687815e-01,9.240791790001777473e-02,0.000000000000000000e+00,-1.455178125354509222e-03,-2.793133494921213981e-03,0.000000000000000000e+00,-4.802936137067099764e-01,0.000000000000000000e+00,3.141592653589793116e+00
-1.788049862092250530e-01,8.960344249368347447e-02,0.000000000000000000e+00,-1.411015121175496342e-03,-2.815701409023186729e-03,0.000000000000000000e+00,-4.645462821097687822e-01,0.000000000000000000e+00,3.141592653589793116e+00
-1.801937735804838292e-01,8.677674782351164906e-02,0.000000000000000000e+00,-1.366502222880993950e-03,-2.837571104276042765e-03,0.000000000000000000e+00,-4.487989505128275880e-01,0.000000000000000000e+00,3.141592653589793116e+00
-1.815378777020187073e-01,8.392853483438694751e-02,0.000000000000000000e+00,-1.321650468482531799e-03,-2.858737157578668513e-03,0.000000000000000000e+00,-4.330516189158863938e-01,0.000000000000000000e+00,3.141592653589793116e+00
-1.828369652718574989e-01,8.105950980716314369e-02,0.000000000000000000e+00,-1.276470980018915014e-03,-2.879194320314384242e-03,0.000000000000000000e+00,-4.173042873189447555e-01,0.000000000000000000e+00,3.141592653589793116e+00
-1.840907141509320333e-01,7.817038418352456608e-02,0.000000000000000000e+00,-1.230974960798258576e-03,-2.898937519652464590e-03,0.000000000000000000e+00,-4.015569557220035612e-01,0.000000000000000000e+00,3.141592653589793116e+00
-1.852988134429603695e-01,7.526187438956712106e-02,0.000000000000000000e+00,-1.185173692619859121e-03,-2.917961859806064619e-03,0.000000000000000000e+00,-3.858096241250623670e-01,0.000000000000000000e+00,3.141592653589793116e+00
-1.864609635715404057e-01,7.233470165814391561e-02,0.000000000000000000e+00,-1.139078532976613330e-03,-2.936262623246242622e-03,0.000000000000000000e+00,-3.700622925281207287e-01,0.000000000000000000e+00,3.141592653589793116e+00
-1.875768763544370943e-01,6.938959185001901397e-02,0.000000000000000000e+00,-1.092700912238666385e-03,-2.953835271871782173e-03,0.000000000000000000e+00,-3.543149609311795345e-01,0.000000000000000000e+00,3.141592653589793116e+00
-1.886462750750438899e-01,6.642727527387287667e-02,0.000000000000000000e+00,-1.046052330818977253e-03,-2.970675448134522424e-03,0.000000000000000000e+00,-3.385676293342383403e-01,0.000000000000000000e+00,3.141592653589793116e+00
-1.896688945510010549e-01,6.344848650520552857e-02,0.000000000000000000e+00,-9.991443563215280429e-04,-2.986778976119910424e-03,0.000000000000000000e+00,-3.228202977372971461e-01,0.000000000000000000e+00,3.141592653589793116e+00
-1.906444811999538913e-01,6.045396420418133743e-02,0.000000000000000000e+00,-9.519886206728643075e-04,-3.002141862582519138e-03,0.000000000000000000e+00,-3.070729661403555077e-01,0.000000000000000000e+00,3.141592653589793116e+00
-1.915727931024341635e-01,5.744445093246128980e-02,0.000000000000000000e+00,-9.045968172376930155e-04,-3.016760297936263609e-03,0.000000000000000000e+00,-2.913256345434143135e-01,0.000000000000000000e+00,3.141592653589793116e+00
-1.924536000618500831e-01,5.442069296906703463e-02,0.000000000000000000e+00,-8.569806979192316548e-04,-3.030630657199079748e-03,0.000000000000000000e+00,-2.755783029464731193e-01,0.000000000000000000e+00,3.141592653589793116e+00
-1.932866836615685369e-01,5.138344012532387872e-02,0.000000000000000000e+00,-8.091520702450551552e-04,-3.043749500891819448e-03,0.000000000000000000e+00,-2.598309713495319251e-01,0.000000000000000000e+00,3.141592653589793116e+00
-1.940718373190767621e-01,4.833344555892746947e-02,0.000000000000000000e+00,-7.611227944391416771e-04,-3.056113575891153400e-03,0.000000000000000000e+00,-2.440836397525902868e-01,0.000000000000000000e+00,3.141592653589793116e+00
-1.948088663372093132e-01,4.527146558718104369e-02,0.000000000000000000e+00,-7.129047804808576671e-04,-3.067719816236254369e-03,0.000000000000000000e+00,-2.283363081556490926e-01,0.000000000000000000e+00,3.141592653589793116e+00
-1.954975879524277205e-01,4.219825949944845667e-02,0.000000000000000000e+00,-6.645099851515938504e-04,-3.078565343889079660e-03,0.000000000000000000e+00,-2.125889765587078983e-01,0.000000000000000000e+00,3.141592653589793116e+00
-1.961378313801409590e-01,3.911458936887090426e-02,0.000000000000000000e+00,-6.159504090698057896e-04,-3.088647469448042426e-03,0.000000000000000000e+00,-1.968416449617662600e-01,0.000000000000000000e+00,3.141592653589793116e+00
-1.967294378570555446e-01,3.602121986339335002e-02,0.000000000000000000e+00,-5.672380937151844495e-04,-3.097963692814914832e-03,0.000000000000000000e+00,-1.810943133648250658e-01,0.000000000000000000e+00,3.141592653589793116e+00
-1.972722606805444867e-01,3.291891805614680783e-02,0.000000000000000000e+00,-5.183851184426827496e-04,-3.106511703814782664e-03,0.000000000000000000e+00,-1.653469817678838716e-01,0.000000000000000000e+00,3.141592653589793116e+00
-1.977661652450257157e-01,2.980845323523494475e-02,0.000000000000000000e+00,-4.694035974871629542e-04,-3.114289382768911738e-03,0.000000000000000000e+00,-1.495996501709426774e-01,0.000000000000000000e+00,3.141592653589793116e+00
-1.982110290753406889e-01,2.669059671297101255e-02,0.000000000000000000e+00,-4.203056769593865459e-04,-3.121294801020366941e-03,0.000000000000000000e+00,-1.338523185740010391e-01,0.000000000000000000e+00,3.141592653589793116e+00
-1.986067418571248189e-01,2.356612163461331566e-02,0.000000000000000000e+00,-3.711035318341087221e-04,-3.127526221412269859e-03,0.000000000000000000e+00,-1.181049869770598448e-01,0.000000000000000000e+00,3.141592653589793116e+00
-1.989532054641627301e-01,2.043580278664527614e-02,0.000000000000000000e+00,-3.218093629310006228e-04,-3.132982098718567910e-03,0.000000000000000000e+00,-1.023576553801186506e-01,0.000000000000000000e+00,3.141592653589793116e+00
-1.992503339827207121e-01,1.730041640464930960e-02,0.000000000000000000e+00,-2.724353938891760124e-04,-3.137661080027208740e-03,0.000000000000000000e+00,-8.661032378317701230e-02,0.000000000000000000e+00,3.141592653589793116e+00
-1.994980537328511772e-01,1.416073998082137235e-02,0.000000000000000000e+00,-2.229938681360586164e-04,-3.141562005075624470e-03,0.000000000000000000e+00,-7.086299218623581808e-02,0.000000000000000000e+00,3.141592653589793116e+00
-1.996963032866632404e-01,1.101755207117311591e-02,0.000000000000000000e+00,-1.734970458513306762e-04,-3.144683906538449022e-03,0.000000000000000000e+00,-5.511566058929462386e-02,0.000000000000000000e+00,3.141592653589793116e+00
-1.998450334835553122e-01,7.871632102471095779e-03,0.000000000000000000e+00,-1.239572009267407191e-04,-3.147026010267387017e-03,0.000000000000000000e+00,-3.936832899235342964e-02,0.000000000000000000e+00,3.141592653589793116e+00
-1.999442074424054860e-01,4.723760178959559436e-03,0.000000000000000000e+00,-7.438661792250304426e-05,-3.148587735483181736e-03,0.000000000000000000e+00,-2.362099739541179133e-02,0.000000000000000000e+00,3.141592653589793116e+00
-1.999938005707171118e-01,1.574716888915749045e-03,0.000000000000000000e+00,-2.479758902106010996e-05,-3.149368694919634469e-03,0.000000000000000000e+00,-7.873665798470597110e-03,0.000000000000000000e+00,3.141592653589793116e+00
-1.999938005707171118e-01,-1.574716888915700039e-03,0.000000000000000000e+00,2.479758902105934086e-05,-3.149368694919634469e-03,0.000000000000000000e+00,7.873665798470597110e-03,0.000000000000000000e+00,3.141592653589793116e+00
-1.999442074424054860e-01,-4.723760178959598467e-03,0.000000000000000000e+00,7.438661792250366768e-05,-3.148587735483181736e-03,0.000000000000000000e+00,2.362099739541223542e-02,0.000000000000000000e+00,3.141592653589793116e+00
-1.998450334835553122e-01,-7.871632102471047207e-03,0.000000000000000000e+00,1.239572009267399331e-04,-3.147026010267387017e-03,0.000000000000000000e+00,3.936832899235342964e-02,0.000000000000000000e+00,3.141592653589793116e+00
-1.996963032866632681e-01,-1.101755207117306734e-02,0.000000000000000000e+00,1.734970458513299173e-04,-3.144683906538449456e-03,0.000000000000000000e+00,5.511566058929462386e-02,0.000000000000000000e+00,3.141592653589793116e+00
-1.994980537328511772e-01,-1.416073998082132204e-02,0.000000000000000000e+00,2.229938681360578304e-04,-3.141562005075624470e-03,0.000000000000000000e+00,7.086299218623581808e-02,0.000000000000000000e+00,3.141592653589793116e+00
-1.992503339827207121e-01,-1.730041640464934777e-02,0.000000000000000000e+00,2.724353938891766087e-04,-3.137661080027208740e-03,0.000000000000000000e+00,8.661032378317745639e-02,0.000000000000000000e+00,3.141592653589793116e+00
-1.989532054641627301e-01,-2.043580278664522756e-02,0.000000000000000000e+00,3.218093629309998639e-04,-3.132982098718567910e-03,0.000000000000000000e+00,1.023576553801186506e-01,0.000000000000000000e+00,3.141592653589793116e+00
-1.986067418571248189e-01,-2.356612163461326709e-02,0.000000000000000000e+00,3.711035318341079090e-04,-3.127526221412269859e-03,0.000000000000000000e+00,1.181049869770598448e-01,0.000000000000000000e+00,3.141592653589793116e+00
-1.982110290753406889e-01,-2.669059671297096051e-02,0.000000000000000000e+00,4.203056769593857328e-04,-3.121294801020366941e-03,0.000000000000000000e+00,1.338523185740010391e-01,0.000000000000000000e+00,3.141592653589793116e+00
-1.977661652450257157e-01,-2.980845323523489618e-02,0.000000000000000000e+00,4.694035974871621953e-04,-3.114289382768911738e-03,0.000000000000000000e+00,1.495996501709426774e-01,0.000000000000000000e+00,3.141592653589793116e+00
-1.972722606805444867e-01,-3.291891805614675925e-02,0.000000000000000000e+00,5.183851184426819907e-04,-3.106511703814783098e-03,0.000000000000000000e+00,1.653469817678838716e-01,0.000000000000000000e+00,3.141592653589793116e+00
-1.967294378570555446e-01,-3.602121986339330145e-02,0.000000000000000000e+00,5.672380937151836906e-04,-3.097963692814914832e-03,0.000000000000000000e+00,1.810943133648250658e-01,0.000000000000000000e+00,3.141592653589793116e+00
-1.961378313801409590e-01,-3.911458936887093896e-02,0.000000000000000000e+00,6.159504090698064401e-04,-3.088647469448042426e-03,0.000000000000000000e+00,1.968416449617667041e-01,0.000000000000000000e+00,3.141592653589793116e+00
-1.954975879524277482e-01,-4.219825949944841503e-02,0.000000000000000000e+00,6.645099851515931999e-04,-3.078565343889080094e-03,0.000000000000000000e+00,2.125889765587078983e-01,0.000000000000000000e+00,3.141592653589793116e+00
-1.948088663372093410e-01,-4.527146558718099512e-02,0.000000000000000000e+00,7.129047804808569082e-04,-3.067719816236254803e-03,0.000000000000000000e+00,2.283363081556490926e-01,0.000000000000000000e+00,3.141592653589793116e+00
-1.940718373190767898e-01,-4.833344555892742089e-02,0.000000000000000000e+00,7.611227944391409182e-04,-3.056113575891153400e-03,0.000000000000000000e+00,2.440836397525902868e-01,0.000000000000000000e+00,3.141592653589793116e+00
-1.932866836615685369e-01,-5.138344012532383709e-02,0.000000000000000000e+00,8.091520702450545046e-04,-3.043749500891819448e-03,0.000000000000000000e+00,2.598309713495319251e-01,0.000000000000000000e+00,3.141592653589793116e+00
-1.924536000618500831e-01,-5.442069296906698606e-02,0.000000000000000000e+00,8.569806979192308959e-04,-3.030630657199079748e-03,0.000000000000000000e+00,2.755783029464731193e-01,0.000000000000000000e+00,3.141592653589793116e+00
-1.915727931024341912e-01,-5.744445093246124817e-02,0.000000000000000000e+00,9.045968172376922566e-04,-3.016760297936264042e-03,0.000000000000000000e+00,2.913256345434143135e-01,0.000000000000000000e+00,3.141592653589793116e+00
-1.906444811999538635e-01,-6.045396420418136518e-02,0.000000000000000000e+00,9.519886206728647412e-04,-3.002141862582518705e-03,0.000000000000000000e+00,3.070729661403559518e-01,0.000000000000000000e+00,3.141592653589793116e+00
-1.896688945510010826e-01,-6.344848650520547306e-02,0.000000000000000000e+00,9.991443563215271755e-04,-2.986778976119910424e-03,0.000000000000000000e+00,3.228202977372971461e-01,0.000000000000000000e+00,3.141592653589793116e+00
-1.886462750750438899e-01,-6.642727527387282116e-02,0.000000000000000000e+00,1.046052330818976386e-03,-2.970675448134522424e-03,0.000000000000000000e+00,3.385676293342383403e-01,0.000000000000000000e+00,3.141592653589793116e+00
-1.875768763544370943e-01,-6.938959185001897234e-02,0.000000000000000000e+00,1.092700912238665735e-03,-2.953835271871782606e-03,0.000000000000000000e+00,3.543149609311795345e-01,0.000000000000000000e+00,3.141592653589793116e+00
-1.864609635715404057e-01,-7.233470165814395725e-02,0.000000000000000000e+00,1.139078532976613980e-03,-2.936262623246242622e-03,0.000000000000000000e+00,3.700622925281211728e-01,0.000000000000000000e+00,3.141592653589793116e+00
-1.852988134429603695e-01,-7.526187438956707942e-02,0.000000000000000000e+00,1.185173692619858471e-03,-2.917961859806064619e-03,0.000000000000000000e+00,3.858096241250623670e-01,0.000000000000000000e+00,3.141592653589793116e+00
-1.840907141509320610e-01,-7.817038418352452445e-02,0.000000000000000000e+00,1.230974960798257708e-03,-2.898937519652465024e-03,0.000000000000000000e+00,4.015569557220035612e-01,0.000000000000000000e+00,3.141592653589793116e+00
-1.828369652718574712e-01,-8.105950980716318532e-02,0.000000000000000000e+00,1.276470980018915664e-03,-2.879194320314384242e-03,0.000000000000000000e+00,4.173042873189451996e-01,0.000000000000000000e+00,3.141592653589793116e+00
-1.815378777020187351e-01,-8.392853483438690587e-02,0.000000000000000000e+00,1.321650468482531149e-03,-2.858737157578668513e-03,0.000000000000000000e+00,4.330516189158863938e-01,0.000000000000000000e+00,3.141592653589793116e+00
-1.801937735804838292e-01,-8.677674782351160743e-02,0.000000000000000000e+00,1.366502222880993300e-03,-2.837571104276043199e-03,0.000000000000000000e+00,4.487989505128275880e-01,0.000000000000000000e+00,3.141592653589793116e+00
-1.788049862092250808e-01,-8.960344249368343283e-02,0.000000000000000000e+00,1.411015121175495692e-03,-2.815701409023187163e-03,0.000000000000000000e+00,4.645462821097687822e-01,0.000000000000000000e+00,3.141592653589793116e+00
-1.773718599704687537e-01,-9.240791790001780248e-02,0.000000000000000000e+00,1.455178125354509872e-03,-2.793133494921213981e-03,0.000000000000000000e+00,4.802936137067104205e-01,0.000000000000000000e+00,3.141592653589793116e+00
-1.758947502412978314e-01,-9.518947860741469591e-02,0.000000000000000000e+00,1.498980284170911212e-03,-2.769872958210890888e-03,0.000000000000000000e+00,4.960409453036516148e-01,0.000000000000000000e+00,3.141592653589793116e+00
-1.743740233055277034e-01,-9.794743486300848401e-02,0.000000000000000000e+00,1.542410735857605237e-03,-2.745925566884918536e-03,0.000000000000000000e+00,5.117882769005928090e-01,0.000000000000000000e+00,3.141592653589793116e+00
-1.728100562628775705e-01,-1.006811027672079722e-01,0.000000000000000000e+00,1.585458710820950154e-03,-2.721297259257618971e-03,0.000000000000000000e+00,5.275356084975344473e-01,0.000000000000000000e+00,3.141592653589793116e+00
-1.712032369354600236e-01,-1.033898044432851188e-01,0.000000000000000000e+00,1.628113534311327864e-03,-2.695994142492400859e-03,0.000000000000000000e+00,5.432829400944756415e-01,0.000000000000000000e+00,3.141592653589793116e+00
-1.695539637716111936e-01,-1.060728682054707384e-01,0.000000000000000000e+00,1.670364629070201666e-03,-2.670022491087336788e-03,0.000000000000000000e+00,5.590302716914168357e-01,0.000000000000000000e+00,3.141592653589793116e+00
-1.678626457470863143e-01,-1.087296287255144489e-01,0.000000000000000000e+00,1.712201517952992129e-03,-2.643388745319259422e-03,0.000000000000000000e+00,5.747776032883580299e-01,0.000000000000000000e+00,3.141592653589793116e+00
-1.661297022636445964e-01,-1.113594271976683925e-01,0.000000000000000000e+00,1.753613826527129944e-03,-2.616099509646744280e-03,0.000000000000000000e+00,5.905249348852996683e-01,0.000000000000000000e+00,3.141592653589793116e+00
-1.643555630450490579e-01,-1.139616115020532228e-01,0.000000000000000000e+00,1.794591285644634143e-03,-2.588161551072382018e-03,0.000000000000000000e+00,6.062722664822408625e-01,0.000000000000000000e+00,3.141592653589793116e+00
-1.625406680305060414e-01,-1.165355363663669874e-01,0.000000000000000000e+00,1.835123733988595083e-03,-2.559581797464737483e-03,0.000000000000000000e+00,6.220195980791820567e-01,0.000000000000000000e+00,3.141592653589793116e+00
-1.606854672655722294e-01,-1.190805635258950085e-01,0.000000000000000000e+00,1.875201120592904537e-03,-2.530367335840425728e-03,0.000000000000000000e+00,6.377669296761236950e-01,0.000000000000000000e+00,3.141592653589793116e+00
-1.587904207905556087e-01,-1.215960618817825134e-01,0.000000000000000000e+00,1.914813507334625934e-03,-2.500525410606724373e-03,0.000000000000000000e+00,6.535142612730648892e-01,0.000000000000000000e+00,3.141592653589793116e+00
-1.568559985264373069e-01,-1.240814076575306457e-01,0.000000000000000000e+00,1.953951071398389149e-03,-2.470063421765147319e-03,0.000000000000000000e+00,6.692615928700060834e-01,0.000000000000000000e+00,3.141592653589793116e+00
-1.548826801583439161e-01,-1.265359845536760675e-01,0.000000000000000000e+00,1.992604107712181872e-03,-2.438988923076445582e-03,0.000000000000000000e+00,6.850089244669472777e-01,0.000000000000000000e+00,3.141592653589793116e+00
-1.528709550165983644e-01,-1.289591839006170304e-01,0.000000000000000000e+00,2.030763031353952953e-03,-2.407309620187474564e-03,0.000000000000000000e+00,7.007562560638889160e-01,0.000000000000000000e+00,3.141592653589793116e+00
-1.508213219553792561e-01,-1.313504048095468779e-01,0.000000000000000000e+00,2.068418379928410600e-03,-2.375033368720403520e-03,0.000000000000000000e+00,7.165035876608301102e-01,0.000000000000000000e+00,3.141592653589793116e+00
-1.487342892290179630e-01,-1.337090543214588534e-01,0.000000000000000000e+00,2.105560815913452496e-03,-2.342168172324723442e-03,0.000000000000000000e+00,7.322509192577713044e-01,0.000000000000000000e+00,3.141592653589793116e+00
-1.466103743659653291e-01,-1.360345475541838434e-01,0.000000000000000000e+00,2.142181128975615724e-03,-2.308722180692561639e-03,0.000000000000000000e+00,7.479982508547124986e-01,0.000000000000000000e+00,3.141592653589793116e+00
-1.444501040404582992e-01,-1.383263078474256946e-01,0.000000000000000000e+00,2.178270238253998507e-03,-2.274703687537770087e-03,0.000000000000000000e+00,7.637455824516541369e-01,0.000000000000000000e+00,3.141592653589793116e+00
-1.422540139419190275e-01,-1.405837669057573291e-01,0.000000000000000000e+00,2.213819194612065729e-03,-2.240121128539312740e-03,0.000000000000000000e+00,7.794929140485953312e-01,0.000000000000000000e+00,3.141592653589793116e+00
-1.400226486421178862e-01,-1.428063649395432400e-01,0.000000000000000000e+00,2.248819182856802608e-03,-2.204983079249435776e-03,0.000000000000000000e+00,7.952402456455365254e-01,0.000000000000000000e+00,3.141592653589793116e+00
-1.377565614601342081e-01,-1.449935508037522025e-01,0.000000000000000000e+00,2.283261523924643658e-03,-2.169298252967160300e-03,0.000000000000000000e+00,8.109875772424781637e-01,0.000000000000000000e+00,3.141592653589793116e+00
-1.354563143251482360e-01,-1.471447821346263118e-01,0.000000000000000000e+00,2.317137677033647824e-03,-2.133075498577621798e-03,0.000000000000000000e+00,8.267349088394193579e-01,0.000000000000000000e+00,3.141592653589793116e+00
-1.331224776370972251e-01,-1.492595254841732055e-01,0.000000000000000000e+00,2.350439241801388982e-03,-2.096323798357775485e-03,0.000000000000000000e+00,8.424822404363605521e-01,0.000000000000000000e+00,3.141592653589793116e+00
-1.307556301252318087e-01,-1.513372564524465558e-01,0.000000000000000000e+00,2.383157960328023597e-03,-2.059052265749035208e-03,0.000000000000000000e+00,8.582295720333017464e-01,0.000000000000000000e+00,3.141592653589793116e+00
-1.283563587046063215e-01,-1.533774598175834947e-01,0.000000000000000000e+00,2.415285719244030307e-03,-2.021270143097381091e-03,0.000000000000000000e+00,8.739769036302433847e-01,0.000000000000000000e+00,3.141592653589793116e+00
-1.259252583305399131e-01,-1.553796296635655827e-01,0.000000000000000000e+00,2.446814551722107083e-03,-1.982986799361509660e-03,0.000000000000000000e+00,8.897242352271845789e-01,0.000000000000000000e+00,3.141592653589793116e+00
-1.234629318510830909e-01,-1.573432695056729003e-01,0.000000000000000000e+00,2.477736639452736769e-03,-1.944211727789573558e-03,0.000000000000000000e+00,9.054715668241257731e-01,0.000000000000000000e+00,3.141592653589793116e+00
-1.209699898575275628e-01,-1.592678924135988161e-01,0.000000000000000000e+00,2.508044314582915345e-03,-1.904954543565114946e-03,0.000000000000000000e+00,9.212188984210669673e-01,0.000000000000000000e+00,3.141592653589793116e+00
-1.184470505329960899e-01,-1.611530211321955952e-01,0.000000000000000000e+00,2.537730061617575819e-03,-1.865224981422754658e-03,0.000000000000000000e+00,9.369662300180081616e-01,0.000000000000000000e+00,3.141592653589793116e+00
-1.158947394991492186e-01,-1.629981881998212589e-01,0.000000000000000000e+00,2.566786519283232888e-03,-1.825032893234235796e-03,0.000000000000000000e+00,9.527135616149502439e-01,0.000000000000000000e+00,3.141592653589793116e+00
-1.133136896610484473e-01,-1.648029360642570829e-01,0.000000000000000000e+00,2.595206482353375633e-03,-1.784388245565431304e-03,0.000000000000000000e+00,9.684608932118914382e-01,0.000000000000000000e+00,3.141592653589793116e+00
-1.107045410502117966e-01,-1.665668171961689759e-01,0.000000000000000000e+00,2.622982903435180663e-03,-1.743301117204887557e-03,0.000000000000000000e+00,9.842082248088326324e-01,0.000000000000000000e+00,3.141592653589793116e+00
-1.080679406659035835e-01,-1.682893942000824594e-01,0.000000000000000000e+00,2.650108894717071676e-03,-1.701781696664563144e-03,0.000000000000000000e+00,9.999555564057738266e-01,0.000000000000000000e+00,3.141592653589793116e+00
-1.054045423146957872e-01,-1.699702399228450456e-01,0.000000000000000000e+00,2.676577729676714746e-03,-1.659840279653347454e-03,0.000000000000000000e+00,1.015702888002715021e+00,0.000000000000000000e+00,3.141592653589793116e+00
-1.027150064483414171e-01,-1.716089375595489797e-01,0.000000000000000000e+00,2.702382844749015665e-03,-1.617487266523998319e-03,0.000000000000000000e+00,1.031450219599656215e+00,0.000000000000000000e+00,3.141592653589793116e+00
-1.000000000000000888e-01,-1.732050807568877027e-01,0.000000000000000000e+00,2.727517840953710797e-03,-1.574733159694133387e-03,0.000000000000000000e+00,1.047197551196597409e+00,0.000000000000000000e+00,3.141592653589793116e+00
-9.726019621885623190e-02,-1.747582737139206088e-01,0.000000000000000000e+00,2.751976485482141629e-03,-1.531588561041907336e-03,0.000000000000000000e+00,1.062944882793539492e+00,0.000000000000000000e+00,3.141592653589793116e+00
-9.449627450317189814e-02,-1.762681312802208966e-01,0.000000000000000000e+00,2.775752713242823130e-03,-1.488064169277039314e-03,0.000000000000000000e+00,1.078692214390480686e+00,0.000000000000000000e+00,3.141592653589793116e+00
-9.170892023181317909e-02,-1.777342790513831428e-01,0.000000000000000000e+00,2.798840628365431224e-03,-1.444170777287802744e-03,0.000000000000000000e+00,1.094439545987421880e+00,0.000000000000000000e+00,3.141592653589793116e+00
-8.889882459429512829e-02,-1.791563534618651199e-01,0.000000000000000000e+00,2.821234505662816028e-03,-1.399919269464687879e-03,0.000000000000000000e+00,1.110186877584363074e+00,0.000000000000000000e+00,3.141592653589793116e+00
-8.606668441938504499e-02,-1.805340018751425690e-01,0.000000000000000000e+00,2.842928792050696072e-03,-1.355320619001359420e-03,0.000000000000000000e+00,1.125934209181304269e+00,0.000000000000000000e+00,3.141592653589793116e+00
-8.321320200230752917e-02,-1.818668826711536679e-01,0.000000000000000000e+00,2.863918107924677894e-03,-1.310385885173597897e-03,0.000000000000000000e+00,1.141681540778245463e+00,0.000000000000000000e+00,3.141592653589793116e+00
-8.033908493059398193e-02,-1.831546653310114625e-01,0.000000000000000000e+00,2.884197248494249719e-03,-1.265126210596894838e-03,0.000000000000000000e+00,1.157428872375186657e+00,0.000000000000000000e+00,3.141592653589793116e+00
-7.744504590861966964e-02,-1.843970305189641667e-01,0.000000000000000000e+00,2.903761185073436973e-03,-1.219552818463377417e-03,0.000000000000000000e+00,1.173176203972128739e+00,0.000000000000000000e+00,3.141592653589793116e+00
-7.453180258087259424e-02,-1.855936701615813200e-01,0.000000000000000000e+00,2.922605066327774864e-03,-1.173677009758767719e-03,0.000000000000000000e+00,1.188923535569069934e+00,0.000000000000000000e+00,3.141592653589793116e+00
-7.160007735399596951e-02,-1.867442875241483724e-01,0.000000000000000000e+00,2.940724219477316125e-03,-1.127510160460023277e-03,0.000000000000000000e+00,1.204670867166011128e+00,0.000000000000000000e+00,3.141592653589793116e+00
-6.865059721765109924e-02,-1.878485972842486862e-01,0.000000000000000000e+00,2.958114151455354737e-03,-1.081063718714409113e-03,0.000000000000000000e+00,1.220418198762952322e+00,0.000000000000000000e+00,3.141592653589793116e+00
-6.568409356424335932e-02,-1.889063256025158288e-01,0.000000000000000000e+00,2.974770550022582446e-03,-1.034349202000659634e-03,0.000000000000000000e+00,1.236165530359893516e+00,0.000000000000000000e+00,3.141592653589793116e+00
-6.270130200755628935e-02,-1.899172101905386156e-01,0.000000000000000000e+00,2.990689284836414805e-03,-9.873781942729513688e-04,0.000000000000000000e+00,1.251912861956834710e+00,0.000000000000000000e+00,3.141592653589793116e+00
-5.970296220033899370e-02,-1.908810003759014717e-01,0.000000000000000000e+00,3.005866408475200979e-03,-9.401623430883916015e-04,0.000000000000000000e+00,1.267660193553775905e+00,0.000000000000000000e+00,3.141592653589793116e+00
-5.668981765089183000e-02,-1.917974571643447090e-01,0.000000000000000000e+00,3.020298157417084395e-03,-8.927133567187306743e-04,0.000000000000000000e+00,1.283407525150717987e+00,0.000000000000000000e+00,3.141592653589793116e+00
-5.366261553869690337e-02,-1.926663532990283423e-01,0.000000000000000000e+00,3.033980952973248414e-03,-8.450430012470359692e-04,0.000000000000000000e+00,1.299154856747659181e+00,0.000000000000000000e+00,3.141592653589793116e+00
-5.062210652913638059e-02,-1.934874733168862604e-01,0.000000000000000000e+00,3.046911402175343613e-03,-7.971630976499988024e-04,0.000000000000000000e+00,1.314902188344600376e+00,0.000000000000000000e+00,3.141592653589793116e+00
-4.756904458734826507e-02,-1.942606136020549046e-01,0.000000000000000000e+00,3.059086298616847752e-03,-7.490855188666598443e-04,0.000000000000000000e+00,1.330649519941541570e+00,0.000000000000000000e+00,3.141592653589793116e+00
-4.450418679126291743e-02,-1.949855824363647405e-01,0.000000000000000000e+00,3.070502623248172816e-03,-7.008221868542330747e-04,0.000000000000000000e+00,1.346396851538482764e+00,0.000000000000000000e+00,3.141592653589793116e+00
-4.142829314386795719e-02,-1.956622000468811740e-01,0.000000000000000000e+00,3.081157545125305305e-03,-6.523850696317793013e-04,0.000000000000000000e+00,1.362144183135423958e+00,0.000000000000000000e+00,3.141592653589793116e+00
-3.834212638474776558e-02,-1.962902986504835579e-01,0.000000000000000000e+00,3.091048422111808067e-03,-6.037861783124559827e-04,0.000000000000000000e+00,1.377891514732365152e+00,0.000000000000000000e+00,3.141592653589793116e+00
-3.524645180094445468e-02,-1.968697224954708558e-01,0.000000000000000000e+00,3.100172801533997591e-03,-5.550375641250819125e-04,0.000000000000000000e+00,1.393638846329306347e+00,0.000000000000000000e+00,3.141592653589793116e+00
-3.214203703718686300e-02,-1.974003279001838862e-01,0.000000000000000000e+00,3.108528420789142838e-03,-5.061513154257508799e-04,0.000000000000000000e+00,1.409386177926248429e+00,0.000000000000000000e+00,3.141592653589793116e+00
-2.902965190553587205e-02,-1.978819832886344887e-01,0.000000000000000000e+00,3.116113207906528147e-03,-4.571395547002528141e-04,0.000000000000000000e+00,1.425133509523189623e+00,0.000000000000000000e+00,3.141592653589793116e+00
-2.591006819449049453e-02,-1.983145692231331192e-01,0.000000000000000000e+00,3.122925282061251012e-03,-4.080144355580044859e-04,0.000000000000000000e+00,1.440880841120130818e+00,0.000000000000000000e+00,3.141592653589793116e+00
-2.278405947760561365e-02,-1.986979784339059085e-01,0.000000000000000000e+00,3.128962954040611158e-03,-3.587881397182892057e-04,0.000000000000000000e+00,1.456628172717072012e+00,0.000000000000000000e+00,3.141592653589793116e+00
-1.965240092166618130e-02,-1.990321158456948569e-01,0.000000000000000000e+00,3.134224726662995959e-03,-3.094728739895125785e-04,0.000000000000000000e+00,1.472375504314013206e+00,0.000000000000000000e+00,3.141592653589793116e+00
-1.651586909446654816e-02,-1.993168986013339750e-01,0.000000000000000000e+00,3.138709295149135978e-03,-2.600808672422397086e-04,0.000000000000000000e+00,1.488122835910954400e+00,0.000000000000000000e+00,3.141592653589793116e+00
-1.337524177224235812e-02,-1.995522560822955704e-01,0.000000000000000000e+00,3.142415547445658649e-03,-2.106243673767615207e-04,0.000000000000000000e+00,1.503870167507895594e+00,0.000000000000000000e+00,3.141592653589793116e+00
-1.023129774680260617e-02,-1.997381299262018239e-01,0.000000000000000000e+00,3.145342564500848599e-03,-1.611156382859392174e-04,0.000000000000000000e+00,1.519617499104837677e+00,0.000000000000000000e+00,3.141592653589793116e+00
-7.084816632410756432e-03,-1.998744740412970178e-01,0.000000000000000000e+00,3.147489620492544340e-03,-1.115669568140973083e-04,0.000000000000000000e+00,1.535364830701778871e+00,0.000000000000000000e+00,3.141592653589793116e+00
-3.936578672460131455e-03,-1.999612546178772543e-01,0.000000000000000000e+00,3.148856183008126673e-03,-6.199060971267674413e-05,0.000000000000000000e+00,1.551112162298720065e+00,0.000000000000000000e+00,3.141592653589793116e+00
-7.873645459950687426e-04,-1.999984501366740830e-01,0.000000000000000000e+00,3.149441913176541114e-03,-1.239889059345950443e-05,0.000000000000000000e+00,1.566859493895661259e+00,0.000000000000000000e+00,3.141592653589793116e+00
2.362044825876831976e-03,-1.999860513741909818e-01,0.000000000000000000e+00,3.149246665752327475e-03,3.719590311992199187e-05,0.000000000000000000e+00,1.582606825492602454e+00,0.000000000000000000e+00,3.141592653589793116e+00
5.510868473632319492e-03,-1.999240614049903053e-01,0.000000000000000000e+00,3.148270489151640521e-03,8.678147324141799869e-05,0.000000000000000000e+00,1.598354157089543648e+00,0.000000000000000000e+00,3.141592653589793116e+00
8.658325572992097915e-03,-1.998124956009310060e-01,0.000000000000000000e+00,3.146513625440239183e-03,1.363455238721835447e-04,0.000000000000000000e+00,1.614101488686484842e+00,0.000000000000000000e+00,3.141592653589793116e+00
1.180363563854460937e-02,-1.996513816273568498e-01,0.000000000000000000e+00,3.143976510273465991e-03,1.858757644496361659e-04,0.000000000000000000e+00,1.629848820283426925e+00,0.000000000000000000e+00,3.141592653589793116e+00
1.494601871728487401e-02,-1.994407594362360425e-01,0.000000000000000000e+00,3.140659772788212400e-03,2.353599127951764745e-04,0.000000000000000000e+00,1.645596151880368119e+00,0.000000000000000000e+00,3.141592653589793116e+00
1.808469558202310812e-02,-1.991806812562542661e-01,0.000000000000000000e+00,3.136564235446910338e-03,2.847856981598575815e-04,0.000000000000000000e+00,1.661343483477309313e+00,0.000000000000000000e+00,3.141592653589793116e+00
2.121888792461157358e-02,-1.988712115798633440e-01,0.000000000000000000e+00,3.131690913833584666e-03,3.341408642671925039e-04,0.000000000000000000e+00,1.677090815074250507e+00,0.000000000000000000e+00,3.141592653589793116e+00
2.434781854894441447e-02,-1.985124271472888946e-01,0.000000000000000000e+00,3.126041016402014271e-03,3.834131723523863606e-04,0.000000000000000000e+00,1.692838146671191701e+00,0.000000000000000000e+00,3.141592653589793116e+00
2.747071156368156158e-02,-1.981044169275006928e-01,0.000000000000000000e+00,3.119615944176068554e-03,4.325904041972239260e-04,0.000000000000000000e+00,1.708585478268132896e+00,0.000000000000000000e+00,3.141592653589793116e+00
3.058679257464907639e-02,-1.976472820961507615e-01,0.000000000000000000e+00,3.112417290402289156e-03,4.816603651598615156e-04,0.000000000000000000e+00,1.724332809865074090e+00,0.000000000000000000e+00,3.141592653589793116e+00
3.369528887686847052e-02,-1.971411360104846078e-01,0.000000000000000000e+00,3.104446840154810594e-03,5.306108871987762947e-04,0.000000000000000000e+00,1.740080141462016172e+00,0.000000000000000000e+00,3.141592653589793116e+00
3.679542964616616674e-02,-1.965861041812315690e-01,0.000000000000000000e+00,3.095706569892706095e-03,5.794298318901039066e-04,0.000000000000000000e+00,1.755827473058957366e+00,0.000000000000000000e+00,3.141592653589793116e+00
3.988644613031844255e-02,-1.959823242414815425e-01,0.000000000000000000e+00,3.086198646969881380e-03,6.281050934376614754e-04,0.000000000000000000e+00,1.771574804655898561e+00,0.000000000000000000e+00,3.141592653589793116e+00
4.296757183968075156e-02,-1.953299459125555637e-01,0.000000000000000000e+00,3.075925429097625240e-03,6.766246016748508028e-04,0.000000000000000000e+00,1.787322136252839755e+00,0.000000000000000000e+00,3.141592653589793116e+00
4.603804273725688179e-02,-1.946291309668789493e-01,0.000000000000000000e+00,3.064889463759963052e-03,7.249763250577401707e-04,0.000000000000000000e+00,1.803069467849780949e+00,0.000000000000000000e+00,3.141592653589793116e+00
4.909709742815976385e-02,-1.938800531878661082e-01,0.000000000000000000e+00,3.053093487581947686e-03,7.731482736485666748e-04,0.000000000000000000e+00,1.818816799446722143e+00,0.000000000000000000e+00,3.141592653589793116e+00
5.214397734841707405e-02,-1.930828983268269017e-01,0.000000000000000000e+00,3.040540425651049559e-03,8.211285020889206405e-04,0.000000000000000000e+00,1.834564131043663338e+00,0.000000000000000000e+00,3.141592653589793116e+00
5.517792695307507933e-02,-1.922378640569050723e-01,0.000000000000000000e+00,3.027233390791811505e-03,8.689051125618791997e-04,0.000000000000000000e+00,1.850311462640605420e+00,0.000000000000000000e+00,3.141592653589793116e+00
5.819819390355292221e-02,-1.913451599240609535e-01,0.000000000000000000e+00,3.013175682793954938e-03,9.164662577423365918e-04,0.000000000000000000e+00,1.866058794237546614e+00,0.000000000000000000e+00,3.141592653589793116e+00
6.120402925420353329e-02,-1.904050072951092298e-01,0.000000000000000000e+00,2.998370787594116429e-03,9.638001437348402275e-04,0.000000000000000000e+00,1.881806125834487808e+00,0.000000000000000000e+00,3.141592653589793116e+00
6.419468763803151679e-02,-1.894176393028261796e-01,0.000000000000000000e+00,2.982822376411428927e-03,1.010895032998152107e-03,0.000000000000000000e+00,1.897553457431429003e+00,0.000000000000000000e+00,3.141592653589793116e+00
6.716942745152446048e-02,-1.883833007881388633e-01,0.000000000000000000e+00,2.966534304837159693e-03,1.057739247255848856e-03,0.000000000000000000e+00,1.913300789028370197e+00,0.000000000000000000e+00,3.141592653589793116e+00
7.012751103855080492e-02,-1.873022482394109955e-01,0.000000000000000000e+00,2.949510611878623095e-03,1.104321170392222372e-03,0.000000000000000000e+00,1.929048120625311391e+00,0.000000000000000000e+00,3.141592653589793116e+00
7.306820487327890523e-02,-1.861747497288409048e-01,0.000000000000000000e+00,2.931755518957618930e-03,1.150629251332766683e-03,0.000000000000000000e+00,1.944795452222252585e+00,0.000000000000000000e+00,3.141592653589793116e+00
7.599077974207205100e-02,-1.850010848459865131e-01,0.000000000000000000e+00,2.913273428863625246e-03,1.196652006908539585e-03,0.000000000000000000e+00,1.960542783819194668e+00,0.000000000000000000e+00,3.141592653589793116e+00
7.889451092431326584e-02,-1.837815446284349341e-01,0.000000000000000000e+00,2.894068924662034949e-03,1.242378024703670245e-03,0.000000000000000000e+00,1.976290115416135862e+00,0.000000000000000000e+00,3.141592653589793116e+00
8.177867837211777458e-02,-1.825164314896325080e-01,0.000000000000000000e+00,2.874146768557665592e-03,1.287795965885351951e-03,0.000000000000000000e+00,1.992037447013077056e+00,0.000000000000000000e+00,3.141592653589793116e+00
8.464256688888496805e-02,-1.812060591438946489e-01,0.000000000000000000e+00,2.853511900713869790e-03,1.332894568015557382e-03,0.000000000000000000e+00,2.007784778610018250e+00,0.000000000000000000e+00,3.141592653589793116e+00
8.748546630664827406e-02,-1.798507525286127673e-01,0.000000000000000000e+00,2.832169438027497786e-03,1.377662647843827613e-03,0.000000000000000000e+00,2.023532110206959445e+00,0.000000000000000000e+00,3.141592653589793116e+00
9.030667166217781761e-02,-1.784508477236788349e-01,0.000000000000000000e+00,2.810124672860051746e-03,1.422089104080417974e-03,0.000000000000000000e+00,2.039279441803900639e+00,0.000000000000000000e+00,3.141592653589793116e+00
9.310548337179254397e-02,-1.770066918681462154e-01,0.000000000000000000e+00,2.787383071725315405e-03,1.466162920149123366e-03,0.000000000000000000e+00,2.055026773400841833e+00,0.000000000000000000e+00,3.141592653589793116e+00
9.588120740483847826e-02,-1.755186430741485504e-01,0.000000000000000000e+00,2.763950273933805154e-03,1.509873166919097152e-03,0.000000000000000000e+00,2.070774104997783915e+00,0.000000000000000000e+00,3.141592653589793116e+00
9.863315545578915655e-02,-1.739870703380976547e-01,0.000000000000000000e+00,2.739832090194376912e-03,1.553209005414973648e-03,0.000000000000000000e+00,2.086521436594725110e+00,0.000000000000000000e+00,3.141592653589793116e+00
1.013606451149279830e-01,-1.724123534491819321e-01,0.000000000000000000e+00,2.715034501173317107e-03,1.596159689504661255e-03,0.000000000000000000e+00,2.102268768191666304e+00,0.000000000000000000e+00,3.141592653589793116e+00
1.040630000375670355e-01,-1.707948828951889875e-01,0.000000000000000000e+00,2.689563656011301988e-03,1.638714568564085235e-03,0.000000000000000000e+00,2.118016099788607498e+00,0.000000000000000000e+00,3.141592653589793116e+00
1.067395501117626710e-01,-1.691350597656751664e-01,0.000000000000000000e+00,2.663425870798575255e-03,1.680863090118261700e-03,0.000000000000000000e+00,2.133763431385548692e+00,0.000000000000000000e+00,3.141592653589793116e+00
1.093896316244853256e-01,-1.674332956525057536e-01,0.000000000000000000e+00,2.636627627008721747e-03,1.722594802458029097e-03,0.000000000000000000e+00,2.149510762982489886e+00,0.000000000000000000e+00,3.141592653589793116e+00
1.120125874262027782e-01,-1.656900125477914487e-01,0.000000000000000000e+00,2.609175569891440064e-03,1.763899357231794906e-03,0.000000000000000000e+00,2.165258094579431081e+00,0.000000000000000000e+00,3.141592653589793116e+00
1.146077670938357579e-01,-1.639056427392452386e-01,0.000000000000000000e+00,2.581076506824692314e-03,1.804766512011651575e-03,0.000000000000000000e+00,2.181005426176373163e+00,0.000000000000000000e+00,3.141592653589793116e+00
1.171745270920449972e-01,-1.620806287029872561e-01,0.000000000000000000e+00,2.552337405626665511e-03,1.845186132833216827e-03,0.000000000000000000e+00,2.196752757773314357e+00,0.000000000000000000e+00,3.141592653589793116e+00
1.197122309328115808e-01,-1.602154229938216323e-01,0.000000000000000000e+00,2.522965392827926281e-03,1.885148196708600048e-03,0.000000000000000000e+00,2.212500089370255552e+00,0.000000000000000000e+00,3.141592653589793116e+00
1.222202493332686518e-01,-1.583104881330155145e-01,0.000000000000000000e+00,2.492967751904238971e-03,1.924642794111827791e-03,0.000000000000000000e+00,2.228247420967196746e+00,0.000000000000000000e+00,3.141592653589793116e+00
1.246979603717466856e-01,-1.563662964936060051e-01,0.000000000000000000e+00,2.462351921470456572e-03,1.963660131436143104e-03,0.000000000000000000e+00,2.243994752564137940e+00,0.000000000000000000e+00,3.141592653589793116e+00
1.271447496419935708e-01,-1.543833301832642224e-01,0.000000000000000000e+00,2.431125493435941538e-03,2.002190533422558774e-03,0.000000000000000000e+00,2.259742084161079134e+00,0.000000000000000000e+00,3.141592653589793116e+00
1.295600104055309731e-01,-1.523620809247455687e-01,0.000000000000000000e+00,2.399296211121976219e-03,2.040224445559063807e-03,0.000000000000000000e+00,2.275489415758020328e+00,0.000000000000000000e+00,3.141592653589793116e+00
1.319431437421094699e-01,-1.503030499339552406e-01,0.000000000000000000e+00,2.366871967341622161e-03,2.077752436449890969e-03,0.000000000000000000e+00,2.291236747354962411e+00,0.000000000000000000e+00,3.141592653589793116e+00
1.342935586982242080e-01,-1.482067477956607870e-01,0.000000000000000000e+00,2.333860802442522687e-03,2.114765200154240191e-03,0.000000000000000000e+00,2.306984078951903605e+00,0.000000000000000000e+00,3.141592653589793116e+00
1.366106724336564326e-01,-1.460736943368799168e-01,0.000000000000000000e+00,2.300270902313097596e-03,2.151253558493918753e-03,0.000000000000000000e+00,2.322731410548844799e+00,0.000000000000000000e+00,3.141592653589793116e+00
1.388939103660017105e-01,-1.439044184979776098e-01,0.000000000000000000e+00,2.266110596352669936e-03,2.187208463329274634e-03,0.000000000000000000e+00,2.338478742145785994e+00,0.000000000000000000e+00,3.141592653589793116e+00
1.411427063131513449e-01,-1.416994582015030646e-01,0.000000000000000000e+00,2.231388355405994946e-03,2.222620998802897398e-03,0.000000000000000000e+00,2.354226073742727188e+00,0.000000000000000000e+00,3.141592653589793116e+00
1.433565026336902082e-01,-1.394593602187991221e-01,0.000000000000000000e+00,2.196112789662716790e-03,2.257482383550511122e-03,0.000000000000000000e+00,2.369973405339668382e+00,0.000000000000000000e+00,3.141592653589793116e+00
1.455347503651771846e-01,-1.371846800344176942e-01,0.000000000000000000e+00,2.160292646522270904e-03,2.291783972878522029e-03,0.000000000000000000e+00,2.385720736936609576e+00,0.000000000000000000e+00,3.141592653589793116e+00
1.476769093602731397e-01,-1.348759817083741430e-01,0.000000000000000000e+00,2.123936808424759740e-03,2.325517260907668769e-03,0.000000000000000000e+00,2.401468068533551659e+00,0.000000000000000000e+00,3.141592653589793116e+00
1.497824484206826401e-01,-1.325338377362760278e-01,0.000000000000000000e+00,2.087054290648353554e-03,2.358673882682249274e-03,0.000000000000000000e+00,2.417215400130492853e+00,0.000000000000000000e+00,3.141592653589793116e+00
1.518508454288777509e-01,-1.301588289073587201e-01,0.000000000000000000e+00,2.049654239073729275e-03,2.391245616244418951e-03,0.000000000000000000e+00,2.432962731727434047e+00,0.000000000000000000e+00,3.141592653589793116e+00
1.538815874775686376e-01,-1.277515441604656077e-01,0.000000000000000000e+00,2.011745927916144209e-03,2.423224384673006420e-03,0.000000000000000000e+00,2.448710063324375241e+00,0.000000000000000000e+00,3.141592653589793116e+00
1.558741709968911870e-01,-1.253125804380068320e-01,0.000000000000000000e+00,1.973338757425675393e-03,2.454602258086378830e-03,0.000000000000000000e+00,2.464457394921316435e+00,0.000000000000000000e+00,3.141592653589793116e+00
1.578281018792786761e-01,-1.228425425379336133e-01,0.000000000000000000e+00,1.934442251556210083e-03,2.485371455608838959e-03,0.000000000000000000e+00,2.480204726518257630e+00,0.000000000000000000e+00,3.141592653589793116e+00
1.597428956019875390e-01,-1.203420429637643840e-01,0.000000000000000000e+00,1.895066055603756780e-03,2.515524347300077037e-03,0.000000000000000000e+00,2.495952058115198824e+00,0.000000000000000000e+00,3.141592653589793116e+00
1.616180773472458421e-01,-1.178117017727002835e-01,0.000000000000000000e+00,1.855219933814670954e-03,2.545053456047190708e-03,0.000000000000000000e+00,2.511699389712140018e+00,0.000000000000000000e+00,3.141592653589793116e+00
1.634531821199956270e-01,-1.152521464218673186e-01,0.000000000000000000e+00,1.814913766964378755e-03,2.573951459418811257e-03,0.000000000000000000e+00,2.527446721309082101e+00,0.000000000000000000e+00,3.141592653589793116e+00
1.652477548631989812e-01,-1.126640116127243935e-01,0.000000000000000000e+00,1.774157549907218667e-03,2.602211191480867294e-03,0.000000000000000000e+00,2.543194052906023295e+00,0.000000000000000000e+00,3.141592653589793116e+00
1.670013505706804957e-01,-1.100479391336733753e-01,0.000000000000000000e+00,1.732961389097969866e-03,2.629825644573551349e-03,0.000000000000000000e+00,2.558941384502964489e+00,0.000000000000000000e+00,3.141592653589793116e+00
1.687135343974765223e-01,-1.074045777009132313e-01,0.000000000000000000e+00,1.691335500085730179e-03,2.656787971049028377e-03,0.000000000000000000e+00,2.574688716099905683e+00,0.000000000000000000e+00,3.141592653589793116e+00
1.703838817676653905e-01,-1.047345827975756233e-01,0.000000000000000000e+00,1.649290204980729310e-03,2.683091484969471561e-03,0.000000000000000000e+00,2.590436047696846877e+00,0.000000000000000000e+00,3.141592653589793116e+00
1.720119784796507456e-01,-1.020386165111825394e-01,0.000000000000000000e+00,1.606835929894723106e-03,2.708729663764994355e-03,0.000000000000000000e+00,2.606183379293788072e+00,0.000000000000000000e+00,3.141592653589793116e+00
1.735974208088725546e-01,-9.931734736946623565e-02,0.000000000000000000e+00,1.563983202355592695e-03,2.733696149851077596e-03,0.000000000000000000e+00,2.621930710890729266e+00,0.000000000000000000e+00,3.141592653589793116e+00
1.751398156079201629e-01,-9.657145017459209391e-02,0.000000000000000000e+00,1.520742648696798375e-03,2.757984752205077956e-03,0.000000000000000000e+00,2.637678042487671348e+00,0.000000000000000000e+00,3.141592653589793116e+00
1.766387804040219500e-01,-9.380160583582625167e-02,0.000000000000000000e+00,1.477124991422342024e-03,2.781589447901434368e-03,0.000000000000000000e+00,2.653425374084612542e+00,0.000000000000000000e+00,3.141592653589793116e+00
1.780939434938889065e-01,-9.100850120068731952e-02,0.000000000000000000e+00,1.433141046547855603e-03,2.804504383605198586e-03,0.000000000000000000e+00,2.669172705681553737e+00,0.000000000000000000e+00,3.141592653589793116e+00
1.795049440358868487e-01,-8.819282888462723347e-02,0.000000000000000000e+00,1.388801720918529572e-03,2.826723877023504337e-03,0.000000000000000000e+00,2.684920037278494931e+00,0.000000000000000000e+00,3.141592653589793116e+00
1.808714321395154812e-01,-8.535528709928079383e-02,0.000000000000000000e+00,1.344118009504502269e-03,2.848242418314619884e-03,0.000000000000000000e+00,2.700667368875436125e+00,0.000000000000000000e+00,3.141592653589793116e+00
1.821930689521721047e-01,-8.249657947932792501e-02,0.000000000000000000e+00,1.299100992674401527e-03,2.869054671454248327e-03,0.000000000000000000e+00,2.716414700472377319e+00,0.000000000000000000e+00,3.141592653589793116e+00
1.834695267431777910e-01,-7.961741490801101107e-02,0.000000000000000000e+00,1.253761833447708789e-03,2.889155475558713958e-03,0.000000000000000000e+00,2.732162032069318514e+00,0.000000000000000000e+00,3.141592653589793116e+00
1.847004889850461240e-01,-7.671850734135055028e-02,0.000000000000000000e+00,1.208111774726624210e-03,2.908539846164729346e-03,0.000000000000000000e+00,2.747909363666260596e+00,0.000000000000000000e+00,3.141592653589793116e+00
1.858856504319731651e-01,-7.380057563110381524e-02,0.000000000000000000e+00,1.162162136508138781e-03,2.927202976465400133e-03,0.000000000000000000e+00,2.763656695263201790e+00,0.000000000000000000e+00,3.141592653589793116e+00
1.870247171955307652e-01,-7.086434334650776323e-02,0.000000000000000000e+00,1.115924313076960099e-03,2.945140238502196028e-03,0.000000000000000000e+00,2.779404026860142984e+00,0.000000000000000000e+00,3.141592653589793116e+00
1.881174068175427150e-01,-6.791053859485388089e-02,0.000000000000000000e+00,1.069409770180045505e-03,2.962347184312554959e-03,0.000000000000000000e+00,2.795151358457084179e+00,0.000000000000000000e+00,3.141592653589793116e+00
1.891634483401269384e-01,-6.493989384093674933e-02,0.000000000000000000e+00,1.022630042183398334e-03,2.978819547032857985e-03,0.000000000000000000e+00,2.810898690054025373e+00,0.000000000000000000e+00,3.141592653589793116e+00
1.901625823728858300e-01,-6.195314572542237608e-02,0.000000000000000000e+00,9.755967292118538931e-04,2.994553241956501334e-03,0.000000000000000000e+00,2.826646021650966567e+00,0.000000000000000000e+00,3.141592653589793116e+00
1.911145611572281355e-01,-5.895103488218094573e-02,0.000000000000000000e+00,9.283214942725579594e-04,3.009544367546792762e-03,0.000000000000000000e+00,2.842393353247907761e+00,0.000000000000000000e+00,3.141592653589793116e+00
1.920191486278065574e-01,-5.593430575462916832e-02,0.000000000000000000e+00,8.808160603628485946e-04,3.023789206404429390e-03,0.000000000000000000e+00,2.858140684844849844e+00,0.000000000000000000e+00,3.141592653589793116e+00
1.928761204710554011e-01,-5.290370641112889655e-02,0.000000000000000000e+00,8.330922075632771250e-04,3.037284226189311542e-03,0.000000000000000000e+00,2.873888016441791038e+00,0.000000000000000000e+00,3.141592653589793116e+00
1.936852641808147757e-01,-4.985998835948506069e-02,0.000000000000000000e+00,7.851617701164454810e-04,3.050026080496471420e-03,0.000000000000000000e+00,2.889635348038732232e+00,0.000000000000000000e+00,3.141592653589793116e+00
1.944463791110261353e-01,-4.680390636059250653e-02,0.000000000000000000e+00,7.370366334924412796e-04,3.062011609685892383e-03,0.000000000000000000e+00,2.905382679635673426e+00,0.000000000000000000e+00,3.141592653589793116e+00
1.951592765254871187e-01,-4.373621824127521540e-02,0.000000000000000000e+00,6.887287314415545649e-04,3.073237841666011556e-03,0.000000000000000000e+00,2.921130011232614621e+00,0.000000000000000000e+00,3.141592653589793116e+00
1.958237796446534174e-01,-4.065768470636546561e-02,0.000000000000000000e+00,6.402500430350266912e-04,3.083701992630725336e-03,0.000000000000000000e+00,2.936877342829555815e+00,0.000000000000000000e+00,3.141592653589793116e+00
1.964397236894750709e-01,-3.756906915006933551e-02,0.000000000000000000e+00,5.916125896945602586e-04,3.093401467749693108e-03,0.000000000000000000e+00,2.952624674426497009e+00,0.000000000000000000e+00,3.141592653589793116e+00
1.970069559222574207e-01,-3.447113746666514295e-02,0.000000000000000000e+00,5.428284322113237793e-04,3.102333861811789988e-03,0.000000000000000000e+00,2.968372006023439091e+00,0.000000000000000000e+00,3.141592653589793116e+00
1.975253356845358965e-01,-3.136465786058275501e-02,0.000000000000000000e+00,4.939096677552088244e-04,3.110496959821532938e-03,0.000000000000000000e+00,2.984119337620380286e+00,0.000000000000000000e+00,3.141592653589793116e+00
1.979947344319556990e-01,-2.825040065590836078e-02,0.000000000000000000e+00,4.448684268750374986e-04,3.117888737548341494e-03,0.000000000000000000e+00,2.999866669217321480e+00,0.000000000000000000e+00,3.141592653589793116e+00
1.984150357661472186e-01,-2.512913810536531248e-02,0.000000000000000000e+00,3.957168704905213575e-04,3.124507362028492146e-03,0.000000000000000000e+00,3.015614000814262674e+00,0.000000000000000000e+00,3.141592653589793116e+00
1.987861354635899191e-01,-2.200164419881590894e-02,0.000000000000000000e+00,3.464671868766744964e-04,3.130351192019646678e-03,0.000000000000000000e+00,3.031361332411203868e+00,0.000000000000000000e+00,3.141592653589793116e+00
1.991079415014567200e-01,-1.886869447133253733e-02,0.000000000000000000e+00,2.971315886414468499e-04,3.135418778407833042e-03,0.000000000000000000e+00,3.047108664008145062e+00,0.000000000000000000e+00,3.141592653589793116e+00
1.993803740804334923e-01,-1.573106581088564923e-02,0.000000000000000000e+00,2.477223096973228786e-04,3.139708864566790290e-03,0.000000000000000000e+00,3.062855995605086257e+00,0.000000000000000000e+00,3.141592653589793116e+00
1.996033656445069249e-01,-1.258953626569609720e-02,0.000000000000000000e+00,1.982516022276347952e-04,3.143220386669575653e-03,0.000000000000000000e+00,3.078603327202028339e+00,0.000000000000000000e+00,3.141592653589793116e+00
1.997768608977167626e-01,-9.444884851300645173e-03,0.000000000000000000e+00,1.487317336483590601e-04,3.145952473952366105e-03,0.000000000000000000e+00,3.094350658798969533e+00,0.000000000000000000e+00,3.141592653589793116e+00
1.999008168178676992e-01,-6.297891357375813744e-03,0.000000000000000000e+00,9.917498356610781446e-05,3.147904448930386768e-03,0.000000000000000000e+00,3.110097990395910728e+00,0.000000000000000000e+00,3.141592653589793116e+00
1.999752026671976490e-01,-3.149336154371564118e-03,0.000000000000000000e+00,4.959364073312499504e-05,3.149075827565905872e-03,0.000000000000000000e+00,3.125845321992851922e+00,0.000000000000000000e+00,3.141592653589793116e+00
2.000000000000000111e-01,-4.898587196589413075e-17,0.000000000000000000e+00,7.713967694122466322e-19,3.149466319388264171e-03,0.000000000000000000e+00,-3.141592653589793116e+00,0.000000000000000000e+00,3.141592653589793116e+00
